scheme,dataset_name,seed,correlated_KL,architecture,attention_dim,num_attention_heads,lr,AC@1,AC@3,AC@5,AC@10,Avg@10,total_params,window_size,early_stopping,num_epochs,AMOC_Loss,mean_std_recon_loss,outer_hidden_dim,outer_heads_num
lorenz96deep_mlp_(no mean)_normal_KL14_180707_1_0.0005_1_window_1,lorenz96,1,normal_KL,deep_mlp,32,2,0.0005,0.7,0.7266666666666667,0.7329999999999997,0.7651071428571429,0.7379194444444444,397800,1,0,100,0,0,32,2
lorenz96deep_mlp_(no mean)_normal_KL14_181956_1_0.0005_1_window_1,lorenz96,1,normal_KL,deep_mlp,32,2,0.0005,0.7,0.7266666666666667,0.7329999999999997,0.7651071428571429,0.7379194444444444,397800,1,0,100,0,0,32,2
lorenz96deep_mlp_(no mean)_normal_KL14_182050_5_0.0005_1_window_5,lorenz96,1,normal_KL,deep_mlp,32,2,0.0005,0.52,0.5566666666666666,0.5421666666666667,0.5829166666666667,0.551109126984127,1989000,5,0,100,0,0,32,2
lorenz96deep_mlp_(no mean)_normal_KL14_182354_1_0.0001_1_window_1,lorenz96,1,normal_KL,deep_mlp,32,2,0.0001,0.64,0.5733333333333335,0.542,0.5675714285714286,0.5711313492063492,397800,1,0,100,0,0,32,2
lorenz96deep_mlp_(no mean)_normal_KL14_182446_1_0.0001_2_window_1,lorenz96,2,normal_KL,deep_mlp,32,2,0.0001,0.54,0.5366666666666664,0.4948333333333332,0.5156309523809525,0.5195186507936508,397800,1,0,100,0,0,32,2
lorenz96TemporalGNN_Attention_(no mean)_normal_KL14_182538_1_0.0001_1_window_1,lorenz96,1,normal_KL,TemporalGNN_Attention,32,2,0.0001,0.68,0.6933333333333335,0.7426666666666664,0.764011904761905,0.7344563492063492,425065,1,0,100,0,0,32,2
lorenz96TemporalGNN_Attention_(no mean)_normal_KL14_182646_1_0.0001_2_window_1,lorenz96,2,normal_KL,TemporalGNN_Attention,32,2,0.0001,0.65,0.7366666666666668,0.728,0.7602619047619048,0.7235876984126983,425065,1,0,100,0,0,32,2
lorenz96TemporalGNN_Attention_fourier_(no mean)_normal_KL14_182756_1_0.0001_1_window_1,lorenz96,1,normal_KL,TemporalGNN_Attention_fourier,32,2,0.0001,0.68,0.6933333333333335,0.7426666666666664,0.764011904761905,0.7344563492063492,425065,1,0,100,0,0,32,2
lorenz96TemporalGNN_Attention_fourier_(no mean)_normal_KL14_182903_1_0.0001_2_window_1,lorenz96,2,normal_KL,TemporalGNN_Attention_fourier,32,2,0.0001,0.65,0.7366666666666668,0.728,0.7602619047619048,0.7235876984126983,425065,1,0,100,0,0,32,2
lorenz96TemporalGNN_Attention_crossattn_(no mean)_normal_KL14_183012_1_0.0001_1_window_1,lorenz96,1,normal_KL,TemporalGNN_Attention_crossattn,32,2,0.0001,0.71,0.7099999999999997,0.714,0.7684404761904762,0.7284472222222222,600301,1,0,100,0,0,32,2
lorenz96TemporalGNN_Attention_crossattn_(no mean)_normal_KL14_183138_1_0.0001_2_window_1,lorenz96,2,normal_KL,TemporalGNN_Attention_crossattn,32,2,0.0001,0.67,0.7383333333333334,0.7306666666666664,0.765345238095238,0.7313674603174602,600301,1,0,100,0,0,32,2
lorenz96deep_mlp_(no mean)_normal_KL14_183303_5_0.0001_1_window_5,lorenz96,1,normal_KL,deep_mlp,32,2,0.0001,0.42,0.39,0.3586666666666667,0.4040000000000001,0.3874194444444445,1989000,5,0,100,0,0,32,2
lorenz96deep_mlp_(no mean)_normal_KL14_183445_5_0.0001_2_window_5,lorenz96,2,normal_KL,deep_mlp,32,2,0.0001,0.39,0.35333333333333333,0.37099999999999994,0.3997380952380951,0.3786833333333333,1989000,5,0,100,0,0,32,2
lorenz96TemporalGNN_Attention_(no mean)_normal_KL14_183627_5_0.0001_1_window_5,lorenz96,1,normal_KL,TemporalGNN_Attention,32,2,0.0001,0.53,0.5399999999999999,0.5191666666666667,0.5386666666666665,0.5330924603174604,425193,5,0,100,0,0,32,2
lorenz96TemporalGNN_Attention_(no mean)_normal_KL14_183851_5_0.0001_2_window_5,lorenz96,2,normal_KL,TemporalGNN_Attention,32,2,0.0001,0.49,0.52,0.5331666666666663,0.5289761904761903,0.5244821428571428,425193,5,0,100,0,0,32,2
lorenz96TemporalGNN_Attention_fourier_(no mean)_normal_KL14_184116_5_0.0001_1_window_5,lorenz96,1,normal_KL,TemporalGNN_Attention_fourier,32,2,0.0001,0.53,0.5366666666666666,0.5241666666666667,0.5356666666666666,0.5341654761904763,425193,5,0,100,0,0,32,2
lorenz96TemporalGNN_Attention_fourier_(no mean)_normal_KL14_184341_5_0.0001_2_window_5,lorenz96,2,normal_KL,TemporalGNN_Attention_fourier,32,2,0.0001,0.49,0.5266666666666667,0.5331666666666662,0.5289761904761902,0.5254448412698413,425193,5,0,100,0,0,32,2
lorenz96TemporalGNN_Attention_crossattn_(no mean)_normal_KL14_184608_5_0.0001_1_window_5,lorenz96,1,normal_KL,TemporalGNN_Attention_crossattn,32,2,0.0001,0.71,0.6749999999999998,0.664833333333333,0.7234166666666666,0.6917924603174601,600493,5,0,100,0,0,32,2
lorenz96TemporalGNN_Attention_crossattn_(no mean)_normal_KL14_184924_5_0.0001_2_window_5,lorenz96,2,normal_KL,TemporalGNN_Attention_crossattn,32,2,0.0001,0.72,0.7000000000000002,0.7009999999999998,0.699488095238095,0.6991599206349206,600493,5,0,100,0,0,32,2
lorenz96deep_mlp_(no mean)_normal_KL14_185239_7_0.0001_1_window_7,lorenz96,1,normal_KL,deep_mlp,32,2,0.0001,0.4,0.3816666666666666,0.38349999999999995,0.39689285714285716,0.38465912698412696,2784600,7,0,100,0,0,32,2
lorenz96deep_mlp_(no mean)_normal_KL14_185448_7_0.0001_2_window_7,lorenz96,2,normal_KL,deep_mlp,32,2,0.0001,0.34,0.3566666666666667,0.33949999999999997,0.38396428571428565,0.3549051587301587,2784600,7,0,100,0,0,32,2




more training data 
lorenz96deep_mlp_(no mean)_normal_KL14_192440_1_0.0001_1_window_1,lorenz96,1,normal_KL,deep_mlp,32,2,0.0001,0.73,0.7249999999999999,0.7076666666666661,0.7526746031746032,0.7259432539682539,397800,1,0,100,0,0,32,2
lorenz96deep_mlp_(no mean)_normal_KL14_192628_1_0.0001_2_window_1,lorenz96,2,normal_KL,deep_mlp,32,2,0.0001,0.72,0.7033333333333328,0.7183333333333327,0.7431150793650794,0.7213904761904761,397800,1,0,100,0,0,32,2
lorenz96TemporalGNN_Attention_(no mean)_normal_KL14_192817_1_0.0001_1_window_1,lorenz96,1,normal_KL,TemporalGNN_Attention,32,2,0.0001,0.76,0.7366666666666665,0.7396666666666663,0.7736547619047617,0.753595238095238,425065,1,0,100,0,0,32,2
lorenz96TemporalGNN_Attention_(no mean)_normal_KL14_193110_1_0.0001_2_window_1,lorenz96,2,normal_KL,TemporalGNN_Attention,32,2,0.0001,0.79,0.7533333333333334,0.7296666666666666,0.7647936507936508,0.7511035714285714,425065,1,0,100,0,0,32,2
lorenz96TemporalGNN_Attention_fourier_(no mean)_normal_KL14_193406_1_0.0001_1_window_1,lorenz96,1,normal_KL,TemporalGNN_Attention_fourier,32,2,0.0001,0.76,0.7366666666666665,0.7396666666666663,0.7736547619047617,0.753595238095238,425065,1,0,100,0,0,32,2
lorenz96TemporalGNN_Attention_fourier_(no mean)_normal_KL14_193703_1_0.0001_2_window_1,lorenz96,2,normal_KL,TemporalGNN_Attention_fourier,32,2,0.0001,0.79,0.7533333333333334,0.7296666666666666,0.7647936507936508,0.7511035714285714,425065,1,0,100,0,0,32,2
lorenz96TemporalGNN_Attention_crossattn_(no mean)_normal_KL14_194000_1_0.0001_1_window_1,lorenz96,1,normal_KL,TemporalGNN_Attention_crossattn,32,2,0.0001,0.72,0.7266666666666665,0.7361666666666662,0.7765714285714285,0.7433809523809523,600301,1,0,100,0,0,32,2
lorenz96TemporalGNN_Attention_crossattn_(no mean)_normal_KL14_194422_1_0.0001_2_window_1,lorenz96,2,normal_KL,TemporalGNN_Attention_crossattn,32,2,0.0001,0.77,0.7833333333333331,0.7838333333333328,0.7680992063492061,0.7744742063492063,600301,1,0,100,0,0,32,2
lorenz96deep_mlp_(no mean)_normal_KL14_201248_5_0.0001_1_window_5,lorenz96,1,normal_KL,deep_mlp,32,2,0.0001,0.53,0.5433333333333333,0.5293333333333335,0.5428174603174605,0.5351654761904762,1989000,5,0,100,0,0,32,2
lorenz96deep_mlp_(no mean)_normal_KL14_201828_5_0.0001_2_window_5,lorenz96,2,normal_KL,deep_mlp,32,2,0.0001,0.64,0.6399999999999997,0.6291666666666664,0.6329563492063494,0.6339642857142856,1989000,5,0,100,0,0,32,2
lorenz96TemporalGNN_Attention_(no mean)_normal_KL14_202406_5_0.0001_1_window_5,lorenz96,1,normal_KL,TemporalGNN_Attention,32,2,0.0001,0.49,0.5166666666666669,0.49700000000000005,0.5147301587301588,0.5047261904761905,425193,5,0,100,0,0,32,2
lorenz96TemporalGNN_Attention_(no mean)_normal_KL14_203316_5_0.0001_2_window_5,lorenz96,2,normal_KL,TemporalGNN_Attention,32,2,0.0001,0.51,0.5466666666666665,0.5243333333333333,0.5466150793650794,0.5301571428571428,425193,5,0,100,0,0,32,2
lorenz96TemporalGNN_Attention_fourier_(no mean)_normal_KL14_204227_5_0.0001_1_window_5,lorenz96,1,normal_KL,TemporalGNN_Attention_fourier,32,2,0.0001,0.48,0.5200000000000002,0.49700000000000005,0.5147301587301588,0.5043095238095239,425193,5,0,100,0,0,32,2
lorenz96TemporalGNN_Attention_fourier_(no mean)_normal_KL14_205139_5_0.0001_2_window_5,lorenz96,2,normal_KL,TemporalGNN_Attention_fourier,32,2,0.0001,0.51,0.5466666666666665,0.5243333333333333,0.5466150793650794,0.5306571428571427,425193,5,0,100,0,0,32,2
lorenz96TemporalGNN_Attention_crossattn_(no mean)_normal_KL14_210049_5_0.0001_1_window_5,lorenz96,1,normal_KL,TemporalGNN_Attention_crossattn,32,2,0.0001,0.74,0.7233333333333332,0.7201666666666661,0.7646388888888886,0.7366194444444443,600493,5,0,100,0,0,32,2
lorenz96TemporalGNN_Attention_crossattn_(no mean)_normal_KL14_211355_5_0.0001_2_window_5,lorenz96,2,normal_KL,TemporalGNN_Attention_crossattn,32,2,0.0001,0.7,0.7516666666666667,0.7431666666666662,0.7708849206349204,0.7475313492063492,600493,5,0,100,0,0,32,2
lorenz96deep_mlp_(no mean)_normal_KL14_215117_7_0.0001_1_window_7,lorenz96,1,normal_KL,deep_mlp,32,2,0.0001,0.57,0.525,0.5081666666666667,0.5229523809523811,0.5226051587301587,2784600,7,0,100,0,0,32,2
lorenz96deep_mlp_(no mean)_normal_KL14_215850_7_0.0001_2_window_7,lorenz96,2,normal_KL,deep_mlp,32,2,0.0001,0.65,0.5766666666666665,0.5709999999999996,0.5835833333333332,0.5808182539682539,2784600,7,0,100,0,0,32,2
lorenz96TemporalGNN_Attention_(no mean)_normal_KL14_220628_7_0.0001_1_window_7,lorenz96,1,normal_KL,TemporalGNN_Attention,32,2,0.0001,0.5,0.4966666666666667,0.4960000000000002,0.5052698412698414,0.5025988095238096,425257,7,0,100,0,0,32,2
lorenz96TemporalGNN_Attention_(no mean)_normal_KL14_221900_7_0.0001_2_window_7,lorenz96,2,normal_KL,TemporalGNN_Attention,32,2,0.0001,0.51,0.5266666666666668,0.5189999999999998,0.5238611111111111,0.5201694444444444,425257,7,0,100,0,0,32,2
lorenz96TemporalGNN_Attention_fourier_(no mean)_normal_KL14_223136_7_0.0001_1_window_7,lorenz96,1,normal_KL,TemporalGNN_Attention_fourier,32,2,0.0001,0.5,0.4966666666666667,0.4960000000000002,0.5052698412698414,0.5025988095238096,425257,7,0,100,0,0,32,2
lorenz96TemporalGNN_Attention_fourier_(no mean)_normal_KL14_224411_7_0.0001_2_window_7,lorenz96,2,normal_KL,TemporalGNN_Attention_fourier,32,2,0.0001,0.51,0.5300000000000001,0.5189999999999998,0.5236111111111111,0.5206345238095238,425257,7,0,100,0,0,32,2
lorenz96TemporalGNN_Attention_crossattn_(no mean)_normal_KL14_225644_7_0.0001_1_window_7,lorenz96,1,normal_KL,TemporalGNN_Attention_crossattn,32,2,0.0001,0.69,0.7149999999999995,0.7196666666666661,0.7535992063492064,0.7212880952380951,600589,7,0,100,0,0,32,2
lorenz96TemporalGNN_Attention_crossattn_(no mean)_normal_KL14_231425_7_0.0001_2_window_7,lorenz96,2,normal_KL,TemporalGNN_Attention_crossattn,32,2,0.0001,0.71,0.7149999999999997,0.7266666666666661,0.7516666666666665,0.7248067460317458,600589,7,0,100,0,0,32,2
lorenz96deep_mlp_(no mean)_normal_KL14_235707_10_0.0001_1_window_10,lorenz96,1,normal_KL,deep_mlp,32,2,0.0001,0.52,0.5233333333333335,0.5131666666666667,0.49037301587301607,0.5061567460317461,3978000,10,0,100,0,0,32,2
lotka_volterradeep_mlp_(no mean)_normal_KL15_002415_1_0.0001_1_window_1,lotka_volterra,1,normal_KL,deep_mlp,32,2,0.0001,1.0,0.9966666666666667,0.9975,1.0,0.9988333333333334,258600,1,0,100,0,0,32,2
lotka_volterradeep_mlp_(no mean)_normal_KL15_002505_1_0.0001_2_window_1,lotka_volterra,2,normal_KL,deep_mlp,32,2,0.0001,1.0,1.0,1.0,1.0,1.0,258600,1,0,100,0,0,32,2
6 vars
nonlineardeep_mlp_(no mean)_normal_KL15_002652_1_0.0001_1_window_1,nonlinear,1,normal_KL,deep_mlp,32,2,0.0001,0.86,0.8866666666666668,0.9603333333333332,1.0,0.9487833333333333,60108,1,0,100,0,0,32,2
nonlineardeep_mlp_(no mean)_normal_KL15_002736_1_0.0001_2_window_1,nonlinear,2,normal_KL,deep_mlp,32,2,0.0001,0.87,0.8816666666666667,0.9594999999999999,1.0,0.9487,60108,1,0,100,0,0,32,2
nonlinearTemporalGNN_Attention_(no mean)_normal_KL15_002820_1_0.0001_1_window_1,nonlinear,1,normal_KL,TemporalGNN_Attention,32,2,0.0001,0.85,0.9116666666666668,0.9681666666666666,1.0,0.9576499999999999,56917,1,0,100,0,0,32,2
nonlinearTemporalGNN_Attention_(no mean)_normal_KL15_002906_1_0.0001_2_window_1,nonlinear,2,normal_KL,TemporalGNN_Attention,32,2,0.0001,0.87,0.8966666666666667,0.9745,1.0,0.9534499999999999,56917,1,0,100,0,0,32,2
nonlinearTemporalGNN_Attention_fourier_(no mean)_normal_KL15_002952_1_0.0001_1_window_1,nonlinear,1,normal_KL,TemporalGNN_Attention_fourier,32,2,0.0001,0.85,0.9116666666666668,0.9681666666666666,1.0,0.9576499999999999,56917,1,0,100,0,0,32,2
nonlinearTemporalGNN_Attention_fourier_(no mean)_normal_KL15_003037_1_0.0001_2_window_1,nonlinear,2,normal_KL,TemporalGNN_Attention_fourier,32,2,0.0001,0.87,0.8966666666666667,0.9745,1.0,0.9534499999999999,56917,1,0,100,0,0,32,2
nonlinearTemporalGNN_Attention_crossattn_(no mean)_normal_KL15_003122_1_0.0001_1_window_1,nonlinear,1,normal_KL,TemporalGNN_Attention_crossattn,32,2,0.0001,0.87,0.91,0.9711666666666666,1.0,0.9555333333333333,71993,1,0,100,0,0,32,2
nonlinearTemporalGNN_Attention_crossattn_(no mean)_normal_KL15_003213_1_0.0001_2_window_1,nonlinear,2,normal_KL,TemporalGNN_Attention_crossattn,32,2,0.0001,0.84,0.9116666666666667,0.9719999999999999,1.0,0.9515333333333335,71993,1,0,100,0,0,32,2
nonlineardeep_mlp_(no mean)_normal_KL15_003307_5_0.0001_1_window_5,nonlinear,1,normal_KL,deep_mlp,32,2,0.0001,0.88,0.92,0.9673333333333332,1.0,0.9583166666666667,300540,5,0,100,0,0,32,2
nonlineardeep_mlp_(no mean)_normal_KL15_003418_5_0.0001_2_window_5,nonlinear,2,normal_KL,deep_mlp,32,2,0.0001,0.87,0.8983333333333333,0.9693333333333334,1.0,0.9557666666666667,300540,5,0,100,0,0,32,2
nonlinearTemporalGNN_Attention_(no mean)_normal_KL15_003528_5_0.0001_1_window_5,nonlinear,1,normal_KL,TemporalGNN_Attention,32,2,0.0001,0.84,0.8850000000000001,0.9558333333333331,1.0,0.9484999999999999,57045,5,0,100,0,0,32,2
nonlinearTemporalGNN_Attention_(no mean)_normal_KL15_003619_5_0.0001_2_window_5,nonlinear,2,normal_KL,TemporalGNN_Attention,32,2,0.0001,0.89,0.8700000000000001,0.9486666666666664,1.0,0.9502,57045,5,0,100,0,0,32,2
nonlinearTemporalGNN_Attention_fourier_(no mean)_normal_KL15_003711_5_0.0001_1_window_5,nonlinear,1,normal_KL,TemporalGNN_Attention_fourier,32,2,0.0001,0.84,0.8850000000000001,0.9558333333333331,1.0,0.9484999999999999,57045,5,0,100,0,0,32,2
nonlinearTemporalGNN_Attention_fourier_(no mean)_normal_KL15_003805_5_0.0001_2_window_5,nonlinear,2,normal_KL,TemporalGNN_Attention_fourier,32,2,0.0001,0.89,0.8700000000000001,0.9486666666666664,1.0,0.9502,57045,5,0,100,0,0,32,2
nonlinearTemporalGNN_Attention_crossattn_(no mean)_normal_KL15_003857_5_0.0001_1_window_5,nonlinear,1,normal_KL,TemporalGNN_Attention_crossattn,32,2,0.0001,0.85,0.8766666666666667,0.9743333333333334,1.0,0.9479333333333333,72185,5,0,100,0,0,32,2
nonlinearTemporalGNN_Attention_crossattn_(no mean)_normal_KL15_003959_5_0.0001_2_window_5,nonlinear,2,normal_KL,TemporalGNN_Attention_crossattn,32,2,0.0001,0.87,0.8783333333333334,0.9678333333333333,1.0,0.9508666666666666,72185,5,0,100,0,0,32,2
nonlineardeep_mlp_(no mean)_normal_KL15_004101_7_0.0001_1_window_7,nonlinear,1,normal_KL,deep_mlp,32,2,0.0001,0.86,0.9083333333333333,0.9623333333333332,1.0,0.9523166666666667,420756,7,0,100,0,0,32,2
nonlineardeep_mlp_(no mean)_normal_KL15_004225_7_0.0001_2_window_7,nonlinear,2,normal_KL,deep_mlp,32,2,0.0001,0.86,0.9066666666666667,0.9788333333333332,1.0,0.9559666666666666,420756,7,0,100,0,0,32,2
nonlinearTemporalGNN_Attention_(no mean)_normal_KL15_004349_7_0.0001_1_window_7,nonlinear,1,normal_KL,TemporalGNN_Attention,32,2,0.0001,0.82,0.8533333333333334,0.9546666666666666,1.0,0.9377166666666665,57109,7,0,100,0,0,32,2
nonlinearTemporalGNN_Attention_(no mean)_normal_KL15_004444_7_0.0001_2_window_7,nonlinear,2,normal_KL,TemporalGNN_Attention,32,2,0.0001,0.84,0.8566666666666669,0.9479999999999998,1.0,0.9404666666666668,57109,7,0,100,0,0,32,2
nonlinearTemporalGNN_Attention_fourier_(no mean)_normal_KL15_004541_7_0.0001_1_window_7,nonlinear,1,normal_KL,TemporalGNN_Attention_fourier,32,2,0.0001,0.82,0.8533333333333334,0.9546666666666666,1.0,0.9377166666666665,57109,7,0,100,0,0,32,2
nonlinearTemporalGNN_Attention_fourier_(no mean)_normal_KL15_004636_7_0.0001_2_window_7,nonlinear,2,normal_KL,TemporalGNN_Attention_fourier,32,2,0.0001,0.83,0.8566666666666669,0.9479999999999998,1.0,0.9394666666666668,57109,7,0,100,0,0,32,2
nonlinearTemporalGNN_Attention_crossattn_(no mean)_normal_KL15_004732_7_0.0001_1_window_7,nonlinear,1,normal_KL,TemporalGNN_Attention_crossattn,32,2,0.0001,0.86,0.8683333333333333,0.9678333333333332,1.0,0.9492,72281,7,0,100,0,0,32,2
nonlinearTemporalGNN_Attention_crossattn_(no mean)_normal_KL15_004836_7_0.0001_2_window_7,nonlinear,2,normal_KL,TemporalGNN_Attention_crossattn,32,2,0.0001,0.85,0.8683333333333333,0.9648333333333332,1.0,0.9485666666666667,72281,7,0,100,0,0,32,2
nonlineardeep_mlp_(no mean)_normal_KL15_004945_10_0.0001_1_window_10,nonlinear,1,normal_KL,deep_mlp,32,2,0.0001,0.86,0.895,0.9633333333333333,1.0,0.9516666666666665,601080,10,0,100,0,0,32,2
nonlineardeep_mlp_(no mean)_normal_KL15_005128_10_0.0001_2_window_10,nonlinear,2,normal_KL,deep_mlp,32,2,0.0001,0.86,0.9166666666666667,0.9584999999999999,1.0,0.9549333333333333,601080,10,0,100,0,0,32,2
nonlinearTemporalGNN_Attention_(no mean)_normal_KL15_005316_10_0.0001_1_window_10,nonlinear,1,normal_KL,TemporalGNN_Attention,32,2,0.0001,0.8,0.8416666666666669,0.95,1.0,0.9300833333333334,57205,10,0,100,0,0,32,2
nonlinearTemporalGNN_Attention_(no mean)_normal_KL15_005417_10_0.0001_2_window_10,nonlinear,2,normal_KL,TemporalGNN_Attention,32,2,0.0001,0.81,0.8450000000000002,0.9521666666666665,1.0,0.9344666666666667,57205,10,0,100,0,0,32,2
nonlinearTemporalGNN_Attention_fourier_(no mean)_normal_KL15_005519_10_0.0001_1_window_10,nonlinear,1,normal_KL,TemporalGNN_Attention_fourier,32,2,0.0001,0.8,0.8416666666666669,0.95,1.0,0.9300833333333334,57205,10,0,100,0,0,32,2
nonlinearTemporalGNN_Attention_fourier_(no mean)_normal_KL15_005621_10_0.0001_2_window_10,nonlinear,2,normal_KL,TemporalGNN_Attention_fourier,32,2,0.0001,0.81,0.8450000000000002,0.9521666666666665,1.0,0.9339666666666666,57205,10,0,100,0,0,32,2
nonlinearTemporalGNN_Attention_crossattn_(no mean)_normal_KL15_005725_10_0.0001_1_window_10,nonlinear,1,normal_KL,TemporalGNN_Attention_crossattn,32,2,0.0001,0.87,0.8816666666666667,0.9698333333333332,1.0,0.9502333333333333,72441,10,0,100,0,0,32,2
nonlinearTemporalGNN_Attention_crossattn_(no mean)_normal_KL15_005838_10_0.0001_2_window_10,nonlinear,2,normal_KL,TemporalGNN_Attention_crossattn,32,2,0.0001,0.87,0.8816666666666667,0.9706666666666667,1.0,0.9502333333333333,72441,10,0,100,0,0,32,2
20 vars
nonlineardeep_mlp_(no mean)_normal_KL15_054454_1_0.0001_1_window_1,nonlinear,1,normal_KL,deep_mlp,32,2,0.0001,0.93,0.8899999999999999,0.8749999999999997,0.8961825396825394,0.8851436507936506,117900,1,0,100,0,0,32,2
nonlineardeep_mlp_(no mean)_normal_KL15_054540_1_0.0001_2_window_1,nonlinear,2,normal_KL,deep_mlp,32,2,0.0001,0.94,0.8766666666666666,0.8643333333333328,0.8999484126984123,0.8836321428571428,117900,1,0,100,0,0,32,2
nonlinearTemporalGNN_Attention_(no mean)_normal_KL15_054626_1_0.0001_1_window_1,nonlinear,1,normal_KL,TemporalGNN_Attention,32,2,0.0001,0.91,0.87,0.8489999999999996,0.8854642857142856,0.8685126984126983,146755,1,0,100,0,0,32,2
nonlinearTemporalGNN_Attention_(no mean)_normal_KL15_054712_1_0.0001_2_window_1,nonlinear,2,normal_KL,TemporalGNN_Attention,32,2,0.0001,0.9,0.88,0.8479999999999999,0.8935039682539682,0.8703507936507936,146755,1,0,100,0,0,32,2
nonlinearTemporalGNN_Attention_fourier_(no mean)_normal_KL15_054800_1_0.0001_1_window_1,nonlinear,1,normal_KL,TemporalGNN_Attention_fourier,32,2,0.0001,0.91,0.87,0.8489999999999996,0.8854642857142856,0.8685126984126983,146755,1,0,100,0,0,32,2
nonlinearTemporalGNN_Attention_fourier_(no mean)_normal_KL15_054845_1_0.0001_2_window_1,nonlinear,2,normal_KL,TemporalGNN_Attention_fourier,32,2,0.0001,0.9,0.88,0.8479999999999999,0.8935039682539682,0.8703507936507936,146755,1,0,100,0,0,32,2
nonlinearTemporalGNN_Attention_crossattn_(no mean)_normal_KL15_054932_1_0.0001_1_window_1,nonlinear,1,normal_KL,TemporalGNN_Attention_crossattn,32,2,0.0001,0.93,0.8583333333333334,0.8336666666666663,0.8851309523809521,0.8680408730158728,185491,1,0,100,0,0,32,2
nonlinearTemporalGNN_Attention_crossattn_(no mean)_normal_KL15_055023_1_0.0001_2_window_1,nonlinear,2,normal_KL,TemporalGNN_Attention_crossattn,32,2,0.0001,0.9,0.8766666666666667,0.8561666666666663,0.8832420634920634,0.8672952380952381,185491,1,0,100,0,0,32,2
nonlineardeep_mlp_(no mean)_normal_KL15_055116_5_0.0001_1_window_5,nonlinear,1,normal_KL,deep_mlp,32,2,0.0001,0.96,0.9016666666666668,0.8768333333333329,0.9035873015873015,0.8950615079365077,589500,5,0,100,0,0,32,2
nonlineardeep_mlp_(no mean)_normal_KL15_055229_5_0.0001_2_window_5,nonlinear,2,normal_KL,deep_mlp,32,2,0.0001,0.93,0.9133333333333334,0.8753333333333329,0.9090873015873013,0.8927210317460318,589500,5,0,100,0,0,32,2
nonlinearTemporalGNN_Attention_(no mean)_normal_KL15_055342_5_0.0001_1_window_5,nonlinear,1,normal_KL,TemporalGNN_Attention,32,2,0.0001,0.92,0.8583333333333334,0.838833333333333,0.8932222222222218,0.8687472222222222,146883,5,0,100,0,0,32,2
nonlinearTemporalGNN_Attention_(no mean)_normal_KL15_055437_5_0.0001_2_window_5,nonlinear,2,normal_KL,TemporalGNN_Attention,32,2,0.0001,0.93,0.8716666666666667,0.8596666666666662,0.8910873015873012,0.8733888888888887,146883,5,0,100,0,0,32,2
nonlinearTemporalGNN_Attention_fourier_(no mean)_normal_KL15_055531_5_0.0001_1_window_5,nonlinear,1,normal_KL,TemporalGNN_Attention_fourier,32,2,0.0001,0.92,0.8583333333333334,0.838833333333333,0.8952222222222218,0.8691888888888888,146883,5,0,100,0,0,32,2
nonlinearTemporalGNN_Attention_fourier_(no mean)_normal_KL15_055624_5_0.0001_2_window_5,nonlinear,2,normal_KL,TemporalGNN_Attention_fourier,32,2,0.0001,0.94,0.875,0.8609999999999997,0.8910873015873012,0.8747126984126983,146883,5,0,100,0,0,32,2
nonlinearTemporalGNN_Attention_crossattn_(no mean)_normal_KL15_055718_5_0.0001_1_window_5,nonlinear,1,normal_KL,TemporalGNN_Attention_crossattn,32,2,0.0001,0.94,0.8766666666666666,0.8673333333333331,0.9102499999999997,0.8870888888888888,185683,5,0,100,0,0,32,2
nonlinearTemporalGNN_Attention_crossattn_(no mean)_normal_KL15_055820_5_0.0001_2_window_5,nonlinear,2,normal_KL,TemporalGNN_Attention_crossattn,32,2,0.0001,0.93,0.8833333333333333,0.881333333333333,0.897055555555555,0.8879781746031744,185683,5,0,100,0,0,32,2
nonlineardeep_mlp_(no mean)_normal_KL15_055925_7_0.0001_1_window_7,nonlinear,1,normal_KL,deep_mlp,32,2,0.0001,0.95,0.8949999999999999,0.8688333333333328,0.8991388888888888,0.8919392857142855,825300,7,0,100,0,0,32,2
nonlineardeep_mlp_(no mean)_normal_KL15_060048_7_0.0001_2_window_7,nonlinear,2,normal_KL,deep_mlp,32,2,0.0001,0.94,0.8816666666666666,0.8684999999999995,0.8888373015873015,0.8850670634920632,825300,7,0,100,0,0,32,2
nonlinearTemporalGNN_Attention_(no mean)_normal_KL15_060215_7_0.0001_1_window_7,nonlinear,1,normal_KL,TemporalGNN_Attention,32,2,0.0001,0.9,0.8516666666666669,0.8279999999999995,0.8789880952380951,0.8575416666666665,146947,7,0,100,0,0,32,2
nonlinearTemporalGNN_Attention_(no mean)_normal_KL15_060314_7_0.0001_2_window_7,nonlinear,2,normal_KL,TemporalGNN_Attention,32,2,0.0001,0.91,0.8616666666666667,0.8364999999999995,0.8801706349206349,0.8628361111111109,146947,7,0,100,0,0,32,2
nonlinearTemporalGNN_Attention_fourier_(no mean)_normal_KL15_060412_7_0.0001_1_window_7,nonlinear,1,normal_KL,TemporalGNN_Attention_fourier,32,2,0.0001,0.9,0.8516666666666669,0.8259999999999995,0.8800992063492061,0.8574527777777778,146947,7,0,100,0,0,32,2
nonlinearTemporalGNN_Attention_fourier_(no mean)_normal_KL15_060510_7_0.0001_2_window_7,nonlinear,2,normal_KL,TemporalGNN_Attention_fourier,32,2,0.0001,0.9,0.8616666666666667,0.8344999999999995,0.8801706349206349,0.8609694444444443,146947,7,0,100,0,0,32,2
nonlinearTemporalGNN_Attention_crossattn_(no mean)_normal_KL15_060608_7_0.0001_1_window_7,nonlinear,1,normal_KL,TemporalGNN_Attention_crossattn,32,2,0.0001,0.91,0.8649999999999999,0.8679999999999997,0.8916150793650793,0.8776714285714284,185779,7,0,100,0,0,32,2
nonlinearTemporalGNN_Attention_crossattn_(no mean)_normal_KL15_060718_7_0.0001_2_window_7,nonlinear,2,normal_KL,TemporalGNN_Attention_crossattn,32,2,0.0001,0.95,0.8900000000000001,0.8709999999999997,0.8916150793650792,0.8848166666666666,185779,7,0,100,0,0,32,2
nonlineardeep_mlp_(no mean)_normal_KL15_060829_10_0.0001_1_window_10,nonlinear,1,normal_KL,deep_mlp,32,2,0.0001,0.93,0.87,0.864833333333333,0.899265873015873,0.8826980158730159,1179000,10,0,100,0,0,32,2
nonlineardeep_mlp_(no mean)_normal_KL15_061020_10_0.0001_2_window_10,nonlinear,2,normal_KL,deep_mlp,32,2,0.0001,0.96,0.8783333333333333,0.8676666666666663,0.8946031746031747,0.8868972222222222,1179000,10,0,100,0,0,32,2
nonlinearTemporalGNN_Attention_(no mean)_normal_KL15_061207_10_0.0001_1_window_10,nonlinear,1,normal_KL,TemporalGNN_Attention,32,2,0.0001,0.91,0.8466666666666669,0.8339999999999996,0.8764047619047619,0.8568384920634922,147043,10,0,100,0,0,32,2
nonlinearTemporalGNN_Attention_(no mean)_normal_KL15_061312_10_0.0001_2_window_10,nonlinear,2,normal_KL,TemporalGNN_Attention,32,2,0.0001,0.91,0.8249999999999998,0.8454999999999997,0.8808769841269841,0.858267857142857,147043,10,0,100,0,0,32,2
nonlinearTemporalGNN_Attention_fourier_(no mean)_normal_KL15_061418_10_0.0001_1_window_10,nonlinear,1,normal_KL,TemporalGNN_Attention_fourier,32,2,0.0001,0.91,0.8466666666666669,0.8339999999999996,0.8780714285714286,0.8571718253968255,147043,10,0,100,0,0,32,2
nonlinearTemporalGNN_Attention_fourier_(no mean)_normal_KL15_061521_10_0.0001_2_window_10,nonlinear,2,normal_KL,TemporalGNN_Attention_fourier,32,2,0.0001,0.91,0.8249999999999998,0.8454999999999997,0.8808769841269841,0.8585178571428571,147043,10,0,100,0,0,32,2
nonlinearTemporalGNN_Attention_crossattn_(no mean)_normal_KL15_061626_10_0.0001_1_window_10,nonlinear,1,normal_KL,TemporalGNN_Attention_crossattn,32,2,0.0001,0.92,0.8866666666666666,0.8594999999999996,0.8950714285714285,0.883088492063492,185939,10,0,100,0,0,32,2
nonlinearTemporalGNN_Attention_crossattn_(no mean)_normal_KL15_061743_10_0.0001_2_window_10,nonlinear,2,normal_KL,TemporalGNN_Attention_crossattn,32,2,0.0001,0.92,0.8749999999999999,0.8709999999999997,0.9001706349206348,0.8852515873015874,185939,10,0,100,0,0,32,2
nonlinearTemporalGNN_Attention_(no mean)_normal_KL15_101942_1_0.0001_1_window_1,nonlinear,1,normal_KL,TemporalGNN_Attention,64,2,0.0001,0.9,0.85,0.8249999999999997,0.8821984126984124,0.861092857142857,315619,1,0,100,0,0,64,2
nonlinearTemporalGNN_Attention_(no mean)_normal_KL15_102027_1_0.0001_2_window_1,nonlinear,2,normal_KL,TemporalGNN_Attention,64,2,0.0001,0.88,0.8616666666666667,0.8446666666666662,0.8778769841269839,0.8587738095238094,315619,1,0,100,0,0,64,2
nonlinearTemporalGNN_Attention_fourier_(no mean)_normal_KL15_102111_1_0.0001_1_window_1,nonlinear,1,normal_KL,TemporalGNN_Attention_fourier,64,2,0.0001,0.9,0.85,0.8249999999999997,0.8821984126984124,0.861092857142857,315619,1,0,100,0,0,64,2
nonlinearTemporalGNN_Attention_fourier_(no mean)_normal_KL15_102157_1_0.0001_2_window_1,nonlinear,2,normal_KL,TemporalGNN_Attention_fourier,64,2,0.0001,0.88,0.8616666666666667,0.8446666666666662,0.8778769841269839,0.8587738095238094,315619,1,0,100,0,0,64,2
nonlinearTemporalGNN_Attention_crossattn_(no mean)_normal_KL15_102244_1_0.0001_1_window_1,nonlinear,1,normal_KL,TemporalGNN_Attention_crossattn,64,2,0.0001,0.91,0.8566666666666666,0.8369999999999996,0.8870476190476186,0.8617384920634921,417267,1,0,100,0,0,64,2
nonlinearTemporalGNN_Attention_crossattn_(no mean)_normal_KL15_102334_1_0.0001_2_window_1,nonlinear,2,normal_KL,TemporalGNN_Attention_crossattn,64,2,0.0001,0.93,0.8633333333333334,0.8351666666666664,0.8868253968253964,0.8643563492063491,417267,1,0,100,0,0,64,2
nonlinearTemporalGNN_Attention_(no mean)_normal_KL15_102425_5_0.0001_1_window_5,nonlinear,1,normal_KL,TemporalGNN_Attention,64,2,0.0001,0.94,0.8783333333333334,0.869166666666666,0.8839761904761904,0.8772579365079365,315875,5,0,100,0,0,64,2
nonlinearTemporalGNN_Attention_(no mean)_normal_KL15_102522_5_0.0001_2_window_5,nonlinear,2,normal_KL,TemporalGNN_Attention,64,2,0.0001,0.94,0.8933333333333334,0.8636666666666664,0.894055555555555,0.880729365079365,315875,5,0,100,0,0,64,2
nonlinearTemporalGNN_Attention_fourier_(no mean)_normal_KL15_102618_5_0.0001_1_window_5,nonlinear,1,normal_KL,TemporalGNN_Attention_fourier,64,2,0.0001,0.94,0.8716666666666667,0.8661666666666662,0.8828373015873013,0.8758218253968252,315875,5,0,100,0,0,64,2
nonlinearTemporalGNN_Attention_fourier_(no mean)_normal_KL15_102713_5_0.0001_2_window_5,nonlinear,2,normal_KL,TemporalGNN_Attention_fourier,64,2,0.0001,0.94,0.8933333333333334,0.8676666666666664,0.8914999999999997,0.8829087301587301,315875,5,0,100,0,0,64,2
nonlinearTemporalGNN_Attention_crossattn_(no mean)_normal_KL15_102809_5_0.0001_1_window_5,nonlinear,1,normal_KL,TemporalGNN_Attention_crossattn,64,2,0.0001,0.93,0.8750000000000001,0.8596666666666662,0.8974642857142855,0.8828214285714286,417651,5,0,100,0,0,64,2
nonlinearTemporalGNN_Attention_crossattn_(no mean)_normal_KL15_102912_5_0.0001_2_window_5,nonlinear,2,normal_KL,TemporalGNN_Attention_crossattn,64,2,0.0001,0.92,0.8766666666666666,0.8789999999999997,0.8892619047619044,0.8849059523809523,417651,5,0,100,0,0,64,2
nonlinearTemporalGNN_Attention_(no mean)_normal_KL15_103017_7_0.0001_1_window_7,nonlinear,1,normal_KL,TemporalGNN_Attention,64,2,0.0001,0.9,0.8566666666666666,0.8344999999999995,0.8754325396825396,0.8624432539682539,316003,7,0,100,0,0,64,2
nonlinearTemporalGNN_Attention_(no mean)_normal_KL15_103117_7_0.0001_2_window_7,nonlinear,2,normal_KL,TemporalGNN_Attention,64,2,0.0001,0.91,0.8633333333333334,0.8621666666666663,0.8754325396825395,0.8700753968253967,316003,7,0,100,0,0,64,2
nonlinearTemporalGNN_Attention_fourier_(no mean)_normal_KL15_103217_7_0.0001_1_window_7,nonlinear,1,normal_KL,TemporalGNN_Attention_fourier,64,2,0.0001,0.91,0.8466666666666667,0.843666666666666,0.8772936507936506,0.8633253968253966,316003,7,0,100,0,0,64,2
nonlinearTemporalGNN_Attention_fourier_(no mean)_normal_KL15_103316_7_0.0001_2_window_7,nonlinear,2,normal_KL,TemporalGNN_Attention_fourier,64,2,0.0001,0.91,0.8633333333333334,0.8641666666666662,0.8765436507936506,0.8708865079365078,316003,7,0,100,0,0,64,2
nonlinearTemporalGNN_Attention_crossattn_(no mean)_normal_KL15_103418_7_0.0001_1_window_7,nonlinear,1,normal_KL,TemporalGNN_Attention_crossattn,64,2,0.0001,0.92,0.8899999999999999,0.8753333333333329,0.9043333333333333,0.884967857142857,417843,7,0,100,0,0,64,2
nonlinearTemporalGNN_Attention_crossattn_(no mean)_normal_KL15_103531_7_0.0001_2_window_7,nonlinear,2,normal_KL,TemporalGNN_Attention_crossattn,64,2,0.0001,0.9,0.8900000000000001,0.877333333333333,0.8928214285714284,0.8785444444444444,417843,7,0,100,0,0,64,2
nonlinearTemporalGNN_Attention_(no mean)_normal_KL15_103642_10_0.0001_1_window_10,nonlinear,1,normal_KL,TemporalGNN_Attention,64,2,0.0001,0.92,0.8666666666666668,0.8489999999999995,0.8750873015873016,0.8669281746031746,316195,10,0,100,0,0,64,2
nonlinearTemporalGNN_Attention_(no mean)_normal_KL15_103748_10_0.0001_2_window_10,nonlinear,2,normal_KL,TemporalGNN_Attention,64,2,0.0001,0.94,0.8600000000000001,0.8574999999999996,0.8819603174603174,0.8722007936507934,316195,10,0,100,0,0,64,2
nonlinearTemporalGNN_Attention_fourier_(no mean)_normal_KL15_103856_10_0.0001_1_window_10,nonlinear,1,normal_KL,TemporalGNN_Attention_fourier,64,2,0.0001,0.92,0.8666666666666668,0.8469999999999994,0.876515873015873,0.8667555555555555,316195,10,0,100,0,0,64,2
nonlinearTemporalGNN_Attention_fourier_(no mean)_normal_KL15_104002_10_0.0001_2_window_10,nonlinear,2,normal_KL,TemporalGNN_Attention_fourier,64,2,0.0001,0.94,0.8600000000000001,0.8566666666666662,0.8836269841269843,0.8725047619047619,316195,10,0,100,0,0,64,2
nonlinearTemporalGNN_Attention_crossattn_(no mean)_normal_KL15_104110_10_0.0001_1_window_10,nonlinear,1,normal_KL,TemporalGNN_Attention_crossattn,64,2,0.0001,0.94,0.8749999999999999,0.870833333333333,0.881436507936508,0.8797059523809523,418163,10,0,100,0,0,64,2
nonlinearTemporalGNN_Attention_crossattn_(no mean)_normal_KL15_104233_10_0.0001_2_window_10,nonlinear,2,normal_KL,TemporalGNN_Attention_crossattn,64,2,0.0001,0.91,0.8666666666666667,0.8596666666666664,0.9008373015873016,0.8744162698412697,418163,10,0,100,0,0,64,2



more non linear
nonlineardeep_mlp_(no mean)_normal_KL15_105441_1_0.0001_1_window_1,nonlinear,1,normal_KL,deep_mlp,64,2,0.0001,0.88,0.915,0.9628333333333333,1.0,0.9612833333333333,60108,1,0,100,0,0,64,2
nonlineardeep_mlp_(no mean)_normal_KL15_105526_1_0.0001_2_window_1,nonlinear,2,normal_KL,deep_mlp,64,2,0.0001,0.87,0.9216666666666667,0.9645,1.0,0.9603666666666667,60108,1,0,100,0,0,64,2
nonlinearTemporalGNN_Attention_(no mean)_normal_KL15_105610_1_0.0001_1_window_1,nonlinear,1,normal_KL,TemporalGNN_Attention,64,2,0.0001,0.88,0.9116666666666667,0.9728333333333333,1.0,0.9615333333333334,113333,1,0,100,0,0,64,2
nonlinearTemporalGNN_Attention_(no mean)_normal_KL15_105655_1_0.0001_2_window_1,nonlinear,2,normal_KL,TemporalGNN_Attention,64,2,0.0001,0.87,0.9066666666666667,0.9708333333333333,1.0,0.9583333333333333,113333,1,0,100,0,0,64,2
nonlinearTemporalGNN_Attention_fourier_(no mean)_normal_KL15_105740_1_0.0001_1_window_1,nonlinear,1,normal_KL,TemporalGNN_Attention_fourier,64,2,0.0001,0.88,0.9116666666666667,0.9728333333333333,1.0,0.9615333333333334,113333,1,0,100,0,0,64,2
nonlinearTemporalGNN_Attention_fourier_(no mean)_normal_KL15_105825_1_0.0001_2_window_1,nonlinear,2,normal_KL,TemporalGNN_Attention_fourier,64,2,0.0001,0.87,0.9066666666666667,0.9708333333333333,1.0,0.9583333333333333,113333,1,0,100,0,0,64,2
nonlinearTemporalGNN_Attention_crossattn_(no mean)_normal_KL15_105910_1_0.0001_1_window_1,nonlinear,1,normal_KL,TemporalGNN_Attention_crossattn,64,2,0.0001,0.88,0.9066666666666667,0.9674999999999998,1.0,0.9606666666666668,168025,1,0,100,0,0,64,2
nonlinearTemporalGNN_Attention_crossattn_(no mean)_normal_KL15_105959_1_0.0001_2_window_1,nonlinear,2,normal_KL,TemporalGNN_Attention_crossattn,64,2,0.0001,0.89,0.9183333333333334,0.9599999999999999,1.0,0.9619166666666666,168025,1,0,100,0,0,64,2
nonlineardeep_mlp_(no mean)_normal_KL15_110052_5_0.0001_1_window_5,nonlinear,1,normal_KL,deep_mlp,64,2,0.0001,0.88,0.9550000000000002,0.9788333333333332,1.0,0.9718833333333332,300540,5,0,100,0,0,64,2
nonlineardeep_mlp_(no mean)_normal_KL15_110202_5_0.0001_2_window_5,nonlinear,2,normal_KL,deep_mlp,64,2,0.0001,0.88,0.9483333333333335,0.9808333333333333,1.0,0.9699166666666666,300540,5,0,100,0,0,64,2
nonlinearTemporalGNN_Attention_(no mean)_normal_KL15_110315_5_0.0001_1_window_5,nonlinear,1,normal_KL,TemporalGNN_Attention,64,2,0.0001,0.9,0.9266666666666665,0.975,1.0,0.96775,113589,5,0,100,0,0,64,2
nonlinearTemporalGNN_Attention_(no mean)_normal_KL15_110409_5_0.0001_2_window_5,nonlinear,2,normal_KL,TemporalGNN_Attention,64,2,0.0001,0.89,0.9199999999999998,0.9776666666666667,1.0,0.9654333333333334,113589,5,0,100,0,0,64,2
nonlinearTemporalGNN_Attention_fourier_(no mean)_normal_KL15_110502_5_0.0001_1_window_5,nonlinear,1,normal_KL,TemporalGNN_Attention_fourier,64,2,0.0001,0.9,0.9266666666666665,0.975,1.0,0.9670833333333334,113589,5,0,100,0,0,64,2
nonlinearTemporalGNN_Attention_fourier_(no mean)_normal_KL15_110557_5_0.0001_2_window_5,nonlinear,2,normal_KL,TemporalGNN_Attention_fourier,64,2,0.0001,0.89,0.9183333333333333,0.9776666666666667,1.0,0.9652666666666667,113589,5,0,100,0,0,64,2
nonlinearTemporalGNN_Attention_crossattn_(no mean)_normal_KL15_110651_5_0.0001_1_window_5,nonlinear,1,normal_KL,TemporalGNN_Attention_crossattn,64,2,0.0001,0.9,0.92,0.972,1.0,0.9660333333333334,168409,5,0,100,0,0,64,2
nonlinearTemporalGNN_Attention_crossattn_(no mean)_normal_KL15_110755_5_0.0001_2_window_5,nonlinear,2,normal_KL,TemporalGNN_Attention_crossattn,64,2,0.0001,0.87,0.9216666666666665,0.9823333333333334,1.0,0.9663166666666667,168409,5,0,100,0,0,64,2
nonlineardeep_mlp_(no mean)_normal_KL15_110900_7_0.0001_1_window_7,nonlinear,1,normal_KL,deep_mlp,64,2,0.0001,0.87,0.9516666666666667,0.9808333333333333,1.0,0.9685,420756,7,0,100,0,0,64,2
nonlineardeep_mlp_(no mean)_normal_KL15_111025_7_0.0001_2_window_7,nonlinear,2,normal_KL,deep_mlp,64,2,0.0001,0.87,0.9516666666666667,0.9843333333333333,1.0,0.9701000000000001,420756,7,0,100,0,0,64,2
nonlinearTemporalGNN_Attention_(no mean)_normal_KL15_111151_7_0.0001_1_window_7,nonlinear,1,normal_KL,TemporalGNN_Attention,64,2,0.0001,0.87,0.925,0.9658333333333331,1.0,0.96175,113717,7,0,100,0,0,64,2
nonlinearTemporalGNN_Attention_(no mean)_normal_KL15_111250_7_0.0001_2_window_7,nonlinear,2,normal_KL,TemporalGNN_Attention,64,2,0.0001,0.89,0.9416666666666668,0.9761666666666666,1.0,0.9697000000000001,113717,7,0,100,0,0,64,2
nonlinearTemporalGNN_Attention_fourier_(no mean)_normal_KL15_111348_7_0.0001_1_window_7,nonlinear,1,normal_KL,TemporalGNN_Attention_fourier,64,2,0.0001,0.87,0.9333333333333332,0.9633333333333332,1.0,0.9620833333333334,113717,7,0,100,0,0,64,2
nonlinearTemporalGNN_Attention_fourier_(no mean)_normal_KL15_111445_7_0.0001_2_window_7,nonlinear,2,normal_KL,TemporalGNN_Attention_fourier,64,2,0.0001,0.89,0.9416666666666668,0.9811666666666666,1.0,0.9702,113717,7,0,100,0,0,64,2
nonlinearTemporalGNN_Attention_crossattn_(no mean)_normal_KL15_111542_7_0.0001_1_window_7,nonlinear,1,normal_KL,TemporalGNN_Attention_crossattn,64,2,0.0001,0.88,0.9183333333333334,0.9658333333333333,1.0,0.9623333333333333,168601,7,0,100,0,0,64,2
nonlinearTemporalGNN_Attention_crossattn_(no mean)_normal_KL15_111649_7_0.0001_2_window_7,nonlinear,2,normal_KL,TemporalGNN_Attention_crossattn,64,2,0.0001,0.88,0.9183333333333334,0.9748333333333333,1.0,0.9652333333333333,168601,7,0,100,0,0,64,2
nonlineardeep_mlp_(no mean)_normal_KL15_111801_10_0.0001_1_window_10,nonlinear,1,normal_KL,deep_mlp,64,2,0.0001,0.89,0.945,0.9783333333333333,1.0,0.9695833333333332,601080,10,0,100,0,0,64,2
nonlineardeep_mlp_(no mean)_normal_KL15_111950_10_0.0001_2_window_10,nonlinear,2,normal_KL,deep_mlp,64,2,0.0001,0.89,0.9433333333333335,0.9753333333333333,1.0,0.9686166666666667,601080,10,0,100,0,0,64,2
nonlinearTemporalGNN_Attention_(no mean)_normal_KL15_112138_10_0.0001_1_window_10,nonlinear,1,normal_KL,TemporalGNN_Attention,64,2,0.0001,0.87,0.9183333333333333,0.9625,1.0,0.9616666666666667,113909,10,0,100,0,0,64,2
nonlinearTemporalGNN_Attention_(no mean)_normal_KL15_112240_10_0.0001_2_window_10,nonlinear,2,normal_KL,TemporalGNN_Attention,64,2,0.0001,0.85,0.8983333333333333,0.9726666666666667,1.0,0.9540166666666666,113909,10,0,100,0,0,64,2
nonlinearTemporalGNN_Attention_fourier_(no mean)_normal_KL15_112345_10_0.0001_1_window_10,nonlinear,1,normal_KL,TemporalGNN_Attention_fourier,64,2,0.0001,0.87,0.9183333333333333,0.96,1.0,0.9614166666666666,113909,10,0,100,0,0,64,2
nonlinearTemporalGNN_Attention_fourier_(no mean)_normal_KL15_112450_10_0.0001_2_window_10,nonlinear,2,normal_KL,TemporalGNN_Attention_fourier,64,2,0.0001,0.85,0.9016666666666667,0.9726666666666667,1.0,0.9537666666666667,113909,10,0,100,0,0,64,2
nonlinearTemporalGNN_Attention_crossattn_(no mean)_normal_KL15_112552_10_0.0001_1_window_10,nonlinear,1,normal_KL,TemporalGNN_Attention_crossattn,64,2,0.0001,0.89,0.9283333333333332,0.9674999999999998,1.0,0.9649166666666666,168921,10,0,100,0,0,64,2
nonlinearTemporalGNN_Attention_crossattn_(no mean)_normal_KL15_112707_10_0.0001_2_window_10,nonlinear,2,normal_KL,TemporalGNN_Attention_crossattn,64,2,0.0001,0.88,0.9116666666666666,0.9778333333333333,1.0,0.9648666666666668,168921,10,0,100,0,0,64,2


more noise
nonlineardeep_mlp_(no mean)_normal_KL15_113243_1_0.0001_1_window_1,nonlinear,1,normal_KL,deep_mlp,64,2,0.0001,0.66,0.7283333333333332,0.9034999999999996,1.0,0.8801,60108,1,0,100,0,0,64,2
nonlineardeep_mlp_(no mean)_normal_KL15_113327_1_0.0001_2_window_1,nonlinear,2,normal_KL,deep_mlp,64,2,0.0001,0.68,0.7349999999999999,0.9051666666666666,1.0,0.8826833333333333,60108,1,0,100,0,0,64,2
nonlinearTemporalGNN_Attention_(no mean)_normal_KL15_113409_1_0.0001_1_window_1,nonlinear,1,normal_KL,TemporalGNN_Attention,64,2,0.0001,0.64,0.7333333333333333,0.8933333333333333,1.0,0.87775,113333,1,0,100,0,0,64,2
nonlinearTemporalGNN_Attention_(no mean)_normal_KL15_113455_1_0.0001_2_window_1,nonlinear,2,normal_KL,TemporalGNN_Attention,64,2,0.0001,0.68,0.7216666666666665,0.9033333333333333,1.0,0.88375,113333,1,0,100,0,0,64,2
nonlinearTemporalGNN_Attention_fourier_(no mean)_normal_KL15_113539_1_0.0001_1_window_1,nonlinear,1,normal_KL,TemporalGNN_Attention_fourier,64,2,0.0001,0.64,0.7333333333333333,0.8933333333333333,1.0,0.87775,113333,1,0,100,0,0,64,2
nonlinearTemporalGNN_Attention_fourier_(no mean)_normal_KL15_113626_1_0.0001_2_window_1,nonlinear,2,normal_KL,TemporalGNN_Attention_fourier,64,2,0.0001,0.68,0.7216666666666665,0.9033333333333333,1.0,0.88375,113333,1,0,100,0,0,64,2
nonlinearTemporalGNN_Attention_crossattn_(no mean)_normal_KL15_113712_1_0.0001_1_window_1,nonlinear,1,normal_KL,TemporalGNN_Attention_crossattn,64,2,0.0001,0.69,0.7433333333333332,0.9068333333333333,1.0,0.8870166666666666,168025,1,0,100,0,0,64,2
nonlinearTemporalGNN_Attention_crossattn_(no mean)_normal_KL15_113803_1_0.0001_2_window_1,nonlinear,2,normal_KL,TemporalGNN_Attention_crossattn,64,2,0.0001,0.7,0.7299999999999999,0.8963333333333332,1.0,0.8834666666666667,168025,1,0,100,0,0,64,2
nonlineardeep_mlp_(no mean)_normal_KL15_113857_5_0.0001_1_window_5,nonlinear,1,normal_KL,deep_mlp,64,2,0.0001,0.65,0.7666666666666666,0.9079999999999998,1.0,0.8869666666666667,300540,5,0,100,0,0,64,2
nonlineardeep_mlp_(no mean)_normal_KL15_114008_5_0.0001_2_window_5,nonlinear,2,normal_KL,deep_mlp,64,2,0.0001,0.7,0.7466666666666665,0.8968333333333333,1.0,0.8901833333333332,300540,5,0,100,0,0,64,2
nonlinearTemporalGNN_Attention_(no mean)_normal_KL15_114119_5_0.0001_1_window_5,nonlinear,1,normal_KL,TemporalGNN_Attention,64,2,0.0001,0.68,0.73,0.9088333333333332,1.0,0.8839666666666666,113589,5,0,100,0,0,64,2
15vars (normal noise)
nonlineardeep_mlp_(no mean)_normal_KL15_114621_1_0.0001_1_window_1,nonlinear,1,normal_KL,deep_mlp,64,2,0.0001,0.92,0.8633333333333333,0.8734999999999996,0.9367420634920631,0.8944484126984127,90375,1,0,100,0,0,64,2
nonlineardeep_mlp_(no mean)_normal_KL15_114704_1_0.0001_2_window_1,nonlinear,2,normal_KL,deep_mlp,64,2,0.0001,0.91,0.8700000000000001,0.8709999999999996,0.9335079365079362,0.8954809523809523,90375,1,0,100,0,0,64,2
nonlinearTemporalGNN_Attention_(no mean)_normal_KL15_114748_1_0.0001_1_window_1,nonlinear,1,normal_KL,TemporalGNN_Attention,64,2,0.0001,0.91,0.8716666666666667,0.8624999999999994,0.9234682539682538,0.8882884920634918,237569,1,0,100,0,0,64,2
nonlinearTemporalGNN_Attention_(no mean)_normal_KL15_114834_1_0.0001_2_window_1,nonlinear,2,normal_KL,TemporalGNN_Attention,64,2,0.0001,0.92,0.8766666666666665,0.8734999999999994,0.9191349206349202,0.8936027777777775,237569,1,0,100,0,0,64,2
nonlinearTemporalGNN_Attention_fourier_(no mean)_normal_KL15_114920_1_0.0001_1_window_1,nonlinear,1,normal_KL,TemporalGNN_Attention_fourier,64,2,0.0001,0.91,0.8716666666666667,0.8624999999999994,0.9234682539682538,0.8882884920634918,237569,1,0,100,0,0,64,2
nonlinearTemporalGNN_Attention_fourier_(no mean)_normal_KL15_115006_1_0.0001_2_window_1,nonlinear,2,normal_KL,TemporalGNN_Attention_fourier,64,2,0.0001,0.92,0.8766666666666665,0.8734999999999994,0.9191349206349202,0.8936027777777775,237569,1,0,100,0,0,64,2
nonlinearTemporalGNN_Attention_crossattn_(no mean)_normal_KL15_115053_1_0.0001_1_window_1,nonlinear,1,normal_KL,TemporalGNN_Attention_crossattn,64,2,0.0001,0.94,0.8983333333333334,0.8584999999999994,0.9345634920634915,0.8983992063492062,316642,1,0,100,0,0,64,2
nonlinearTemporalGNN_Attention_crossattn_(no mean)_normal_KL15_115144_1_0.0001_2_window_1,nonlinear,2,normal_KL,TemporalGNN_Attention_crossattn,64,2,0.0001,0.93,0.89,0.8938333333333327,0.930551587301587,0.9014599206349203,316642,1,0,100,0,0,64,2
nonlineardeep_mlp_(no mean)_normal_KL15_115238_5_0.0001_1_window_5,nonlinear,1,normal_KL,deep_mlp,64,2,0.0001,0.92,0.891666666666667,0.8883333333333329,0.9494206349206346,0.902238492063492,451875,5,0,100,0,0,64,2
nonlineardeep_mlp_(no mean)_normal_KL15_115352_5_0.0001_2_window_5,nonlinear,2,normal_KL,deep_mlp,64,2,0.0001,0.93,0.8916666666666668,0.8818333333333329,0.9503968253968251,0.9063154761904763,451875,5,0,100,0,0,64,2
nonlinearTemporalGNN_Attention_(no mean)_normal_KL15_115507_5_0.0001_1_window_5,nonlinear,1,normal_KL,TemporalGNN_Attention,64,2,0.0001,0.9,0.8883333333333334,0.8729999999999997,0.9438968253968253,0.8980297619047619,237825,5,0,100,0,0,64,2
nonlinearTemporalGNN_Attention_(no mean)_normal_KL15_115602_5_0.0001_2_window_5,nonlinear,2,normal_KL,TemporalGNN_Attention,64,2,0.0001,0.92,0.8900000000000002,0.8838333333333328,0.9411746031746029,0.9028154761904762,237825,5,0,100,0,0,64,2
nonlinearTemporalGNN_Attention_fourier_(no mean)_normal_KL15_115659_5_0.0001_1_window_5,nonlinear,1,normal_KL,TemporalGNN_Attention_fourier,64,2,0.0001,0.9,0.8850000000000001,0.8829999999999997,0.940563492063492,0.8988059523809522,237825,5,0,100,0,0,64,2
nonlinearTemporalGNN_Attention_fourier_(no mean)_normal_KL15_115754_5_0.0001_2_window_5,nonlinear,2,normal_KL,TemporalGNN_Attention_fourier,64,2,0.0001,0.93,0.8833333333333335,0.8851666666666661,0.9411746031746029,0.9036829365079363,237825,5,0,100,0,0,64,2
nonlinearTemporalGNN_Attention_crossattn_(no mean)_normal_KL15_115851_5_0.0001_1_window_5,nonlinear,1,normal_KL,TemporalGNN_Attention_crossattn,64,2,0.0001,0.94,0.9100000000000001,0.8858333333333328,0.945662698412698,0.9099948412698412,317026,5,0,100,0,0,64,2
nonlinearTemporalGNN_Attention_crossattn_(no mean)_normal_KL15_115957_5_0.0001_2_window_5,nonlinear,2,normal_KL,TemporalGNN_Attention_crossattn,64,2,0.0001,0.92,0.8783333333333334,0.8834999999999995,0.9436150793650792,0.9017063492063491,317026,5,0,100,0,0,64,2
nonlineardeep_mlp_(no mean)_normal_KL15_120106_7_0.0001_1_window_7,nonlinear,1,normal_KL,deep_mlp,64,2,0.0001,0.93,0.8883333333333335,0.872833333333333,0.949519841269841,0.9044293650793651,632625,7,0,100,0,0,64,2
nonlineardeep_mlp_(no mean)_normal_KL15_120235_7_0.0001_2_window_7,nonlinear,2,normal_KL,deep_mlp,64,2,0.0001,0.94,0.8850000000000002,0.8824999999999997,0.9465753968253965,0.9046793650793651,632625,7,0,100,0,0,64,2
nonlinearTemporalGNN_Attention_(no mean)_normal_KL15_120405_7_0.0001_1_window_7,nonlinear,1,normal_KL,TemporalGNN_Attention,64,2,0.0001,0.9,0.8783333333333335,0.8703333333333331,0.9372619047619045,0.8923142857142856,237953,7,0,100,0,0,64,2
nonlinearTemporalGNN_Attention_(no mean)_normal_KL15_120506_7_0.0001_2_window_7,nonlinear,2,normal_KL,TemporalGNN_Attention,64,2,0.0001,0.9,0.9000000000000001,0.874333333333333,0.9427857142857141,0.900595238095238,237953,7,0,100,0,0,64,2
nonlinearTemporalGNN_Attention_fourier_(no mean)_normal_KL15_120607_7_0.0001_1_window_7,nonlinear,1,normal_KL,TemporalGNN_Attention_fourier,64,2,0.0001,0.89,0.8733333333333334,0.866333333333333,0.9334007936507934,0.8880142857142855,237953,7,0,100,0,0,64,2
nonlinearTemporalGNN_Attention_fourier_(no mean)_normal_KL15_120709_7_0.0001_2_window_7,nonlinear,2,normal_KL,TemporalGNN_Attention_fourier,64,2,0.0001,0.9,0.9000000000000001,0.8796666666666663,0.9405357142857141,0.9015579365079365,237953,7,0,100,0,0,64,2
nonlinearTemporalGNN_Attention_crossattn_(no mean)_normal_KL15_120810_7_0.0001_1_window_7,nonlinear,1,normal_KL,TemporalGNN_Attention_crossattn,64,2,0.0001,0.94,0.8883333333333334,0.8633333333333327,0.934801587301587,0.8986194444444443,317218,7,0,100,0,0,64,2
nonlinearTemporalGNN_Attention_crossattn_(no mean)_normal_KL15_120926_7_0.0001_2_window_7,nonlinear,2,normal_KL,TemporalGNN_Attention_crossattn,64,2,0.0001,0.93,0.871666666666667,0.8658333333333329,0.9416309523809521,0.896761507936508,317218,7,0,100,0,0,64,2
nonlineardeep_mlp_(no mean)_normal_KL15_121041_10_0.0001_1_window_10,nonlinear,1,normal_KL,deep_mlp,64,2,0.0001,0.92,0.8783333333333334,0.8754999999999995,0.9517539682539681,0.900069841269841,903750,10,0,100,0,0,64,2
nonlineardeep_mlp_(no mean)_normal_KL15_121231_10_0.0001_2_window_10,nonlinear,2,normal_KL,deep_mlp,64,2,0.0001,0.9,0.8933333333333333,0.8766666666666662,0.9521587301587298,0.9011396825396822,903750,10,0,100,0,0,64,2
nonlinearTemporalGNN_Attention_(no mean)_normal_KL15_121424_10_0.0001_1_window_10,nonlinear,1,normal_KL,TemporalGNN_Attention,64,2,0.0001,0.9,0.8833333333333334,0.8781666666666662,0.9415396825396825,0.8989273809523809,238145,10,0,100,0,0,64,2
nonlinearTemporalGNN_Attention_(no mean)_normal_KL15_121532_10_0.0001_2_window_10,nonlinear,2,normal_KL,TemporalGNN_Attention,64,2,0.0001,0.91,0.9050000000000001,0.8888333333333328,0.9389841269841267,0.9062904761904761,238145,10,0,100,0,0,64,2
nonlinearTemporalGNN_Attention_fourier_(no mean)_normal_KL15_121639_10_0.0001_1_window_10,nonlinear,1,normal_KL,TemporalGNN_Attention_fourier,64,2,0.0001,0.92,0.8883333333333334,0.8801666666666662,0.9377499999999998,0.9015099206349205,238145,10,0,100,0,0,64,2
nonlinearTemporalGNN_Attention_fourier_(no mean)_normal_KL15_121743_10_0.0001_2_window_10,nonlinear,2,normal_KL,TemporalGNN_Attention_fourier,64,2,0.0001,0.92,0.8983333333333334,0.8888333333333328,0.9391626984126981,0.9072349206349205,238145,10,0,100,0,0,64,2
nonlinearTemporalGNN_Attention_crossattn_(no mean)_normal_KL15_121850_10_0.0001_1_window_10,nonlinear,1,normal_KL,TemporalGNN_Attention_crossattn,64,2,0.0001,0.92,0.8749999999999999,0.8734999999999994,0.9424365079365076,0.8926563492063492,317538,10,0,100,0,0,64,2
nonlinearTemporalGNN_Attention_crossattn_(no mean)_normal_KL15_122011_10_0.0001_2_window_10,nonlinear,2,normal_KL,TemporalGNN_Attention_crossattn,64,2,0.0001,0.93,0.8683333333333336,0.8879999999999996,0.9367460317460314,0.8981428571428569,317538,10,0,100,0,0,64,2


causal
nonlineardeep_mlp_(no mean)_normal_KL15_122610_1_0.0001_1_window_1,nonlinear,1,normal_KL,deep_mlp,64,2,0.0001,0.91,0.8349999999999999,0.7999999999999996,0.9224285714285714,0.8513559523809523,90375,1,0,100,0,0,64,2
nonlineardeep_mlp_(no mean)_normal_KL15_122719_1_0.0001_1_window_1,nonlinear,1,normal_KL,deep_mlp,64,2,0.0001,0.91,0.8349999999999999,0.7999999999999996,0.9224285714285714,0.8513559523809523,90375,1,0,100,0,0,64,2
nonlinearTemporalGNN_Attention_(no mean)_normal_KL15_122806_1_0.0001_1_window_1,nonlinear,1,normal_KL,TemporalGNN_Attention,64,2,0.0001,0.87,0.7983333333333333,0.8008333333333328,0.9228492063492064,0.8425309523809522,237569,1,0,100,0,0,64,2
nonlinearTemporalGNN_Attention_fourier_(no mean)_normal_KL15_122853_1_0.0001_1_window_1,nonlinear,1,normal_KL,TemporalGNN_Attention_fourier,64,2,0.0001,0.87,0.7983333333333333,0.8008333333333328,0.9228492063492064,0.8425309523809522,237569,1,0,100,0,0,64,2
nonlinearTemporalGNN_Attention_crossattn_(no mean)_normal_KL15_122940_1_0.0001_1_window_1,nonlinear,1,normal_KL,TemporalGNN_Attention_crossattn,64,2,0.0001,0.9,0.8350000000000002,0.8019999999999995,0.9211944444444444,0.8484511904761904,316642,1,0,100,0,0,64,2
nonlineardeep_mlp_(no mean)_normal_KL15_123034_5_0.0001_1_window_5,nonlinear,1,normal_KL,deep_mlp,64,2,0.0001,0.93,0.8683333333333334,0.8484999999999995,0.9148174603174604,0.878947619047619,451875,5,0,100,0,0,64,2
nonlinearTemporalGNN_Attention_(no mean)_normal_KL15_123148_5_0.0001_1_window_5,nonlinear,1,normal_KL,TemporalGNN_Attention,64,2,0.0001,0.92,0.8350000000000002,0.8453333333333329,0.9233373015873017,0.8706793650793649,237825,5,0,100,0,0,64,2
nonlinearTemporalGNN_Attention_fourier_(no mean)_normal_KL15_123245_5_0.0001_1_window_5,nonlinear,1,normal_KL,TemporalGNN_Attention_fourier,64,2,0.0001,0.91,0.8316666666666667,0.8453333333333329,0.9258373015873016,0.8693698412698412,237825,5,0,100,0,0,64,2
nonlinearTemporalGNN_Attention_crossattn_(no mean)_normal_KL15_123340_5_0.0001_1_window_5,nonlinear,1,normal_KL,TemporalGNN_Attention_crossattn,64,2,0.0001,0.92,0.8599999999999999,0.8319999999999992,0.9235595238095236,0.8731503968253966,317026,5,0,100,0,0,64,2
nonlineardeep_mlp_(no mean)_normal_KL15_123449_7_0.0001_1_window_7,nonlinear,1,normal_KL,deep_mlp,64,2,0.0001,0.9,0.8633333333333333,0.8319999999999994,0.9209761904761905,0.8703873015873015,632625,7,0,100,0,0,64,2
nonlinearTemporalGNN_Attention_(no mean)_normal_KL15_123619_7_0.0001_1_window_7,nonlinear,1,normal_KL,TemporalGNN_Attention,64,2,0.0001,0.91,0.8216666666666668,0.8001666666666662,0.9231507936507936,0.8530539682539681,237953,7,0,100,0,0,64,2
nonlinearTemporalGNN_Attention_fourier_(no mean)_normal_KL15_123721_7_0.0001_1_window_7,nonlinear,1,normal_KL,TemporalGNN_Attention_fourier,64,2,0.0001,0.91,0.8216666666666668,0.8021666666666663,0.9233888888888889,0.8533194444444444,237953,7,0,100,0,0,64,2
nonlinearTemporalGNN_Attention_crossattn_(no mean)_normal_KL15_123820_7_0.0001_1_window_7,nonlinear,1,normal_KL,TemporalGNN_Attention_crossattn,64,2,0.0001,0.91,0.83,0.8206666666666662,0.9102380952380953,0.8595289682539681,317218,7,0,100,0,0,64,2
nonlineardeep_mlp_(no mean)_normal_KL15_123935_10_0.0001_1_window_10,nonlinear,1,normal_KL,deep_mlp,64,2,0.0001,0.89,0.8516666666666667,0.8516666666666661,0.9156388888888888,0.8689313492063491,903750,10,0,100,0,0,64,2
nonlinearTemporalGNN_Attention_(no mean)_normal_KL15_124124_10_0.0001_1_window_10,nonlinear,1,normal_KL,TemporalGNN_Attention,64,2,0.0001,0.86,0.805,0.7819999999999996,0.9157182539682538,0.8355539682539682,238145,10,0,100,0,0,64,2
nonlinearTemporalGNN_Attention_fourier_(no mean)_normal_KL15_124231_10_0.0001_1_window_10,nonlinear,1,normal_KL,TemporalGNN_Attention_fourier,64,2,0.0001,0.86,0.8033333333333335,0.7814999999999995,0.9207182539682536,0.8345694444444444,238145,10,0,100,0,0,64,2
nonlinearTemporalGNN_Attention_crossattn_(no mean)_normal_KL15_124336_10_0.0001_1_window_10,nonlinear,1,normal_KL,TemporalGNN_Attention_crossattn,64,2,0.0001,0.9,0.8116666666666664,0.8123333333333327,0.9190714285714283,0.8552238095238094,317538,10,0,100,0,0,64,2

lotka very good (but not temporal)
lotka_volterradeep_mlp_(no mean)_normal_KL15_124908_1_0.0001_1_window_1,lotka_volterra,1,normal_KL,deep_mlp,64,2,0.0001,0.24,0.28999999999999987,0.35883333333333334,0.5678333333333334,0.3977500000000001,258600,1,0,100,0,0,64,2
lotka_volterraTemporalGNN_Attention_(no mean)_normal_KL15_124956_1_0.0001_1_window_1,lotka_volterra,1,normal_KL,TemporalGNN_Attention,64,2,0.0001,0.97,0.9799999999999999,0.9811666666666666,0.9975,0.9865,692319,1,0,100,0,0,64,2
lotka_volterraTemporalGNN_Attention_fourier_(no mean)_normal_KL15_125058_1_0.0001_1_window_1,lotka_volterra,1,normal_KL,TemporalGNN_Attention_fourier,64,2,0.0001,0.97,0.9799999999999999,0.9811666666666666,0.9975,0.9865,692319,1,0,100,0,0,64,2
lotka_volterraTemporalGNN_Attention_crossattn_(no mean)_normal_KL15_125201_1_0.0001_1_window_1,lotka_volterra,1,normal_KL,TemporalGNN_Attention_crossattn,64,2,0.0001,0.98,0.9833333333333333,0.9934999999999999,1.0,0.9914333333333334,948767,1,0,100,0,0,64,2
lotka_volterradeep_mlp_(no mean)_normal_KL15_125600_1_0.0001_1_window_1,lotka_volterra,1,normal_KL,deep_mlp,32,2,0.0001,0.24,0.28999999999999987,0.35883333333333334,0.5678333333333334,0.3977500000000001,258600,1,0,100,0,0,32,2
lotka_volterraTemporalGNN_Attention_(no mean)_normal_KL15_125651_1_0.0001_1_window_1,lotka_volterra,1,normal_KL,TemporalGNN_Attention,32,2,0.0001,0.94,0.9133333333333336,0.9044999999999999,0.9768333333333332,0.9386666666666666,319295,1,0,100,0,0,32,2
lotka_volterraTemporalGNN_Attention_fourier_(no mean)_normal_KL15_125750_1_0.0001_1_window_1,lotka_volterra,1,normal_KL,TemporalGNN_Attention_fourier,32,2,0.0001,0.94,0.9133333333333336,0.9044999999999999,0.9768333333333332,0.9386666666666666,319295,1,0,100,0,0,32,2
lotka_volterraTemporalGNN_Attention_crossattn_(no mean)_normal_KL15_125851_1_0.0001_1_window_1,lotka_volterra,1,normal_KL,TemporalGNN_Attention_crossattn,32,2,0.0001,0.98,0.99,0.9954999999999999,1.0,0.9933,436031,1,0,100,0,0,32,2
lotka_volterradeep_mlp_(no mean)_normal_KL15_130211_5_0.0001_1_window_5,lotka_volterra,1,normal_KL,deep_mlp,32,2,0.0001,0.28,0.21666666666666656,0.2534999999999999,0.445,0.3055999999999999,1293000,5,0,100,0,0,32,2
lotka_volterraTemporalGNN_Attention_(no mean)_normal_KL15_130332_5_0.0001_1_window_5,lotka_volterra,1,normal_KL,TemporalGNN_Attention,32,2,0.0001,0.56,0.4333333333333336,0.4545000000000003,0.6851666666666668,0.5394666666666666,319423,5,0,100,0,0,32,2
lotka_volterraTemporalGNN_Attention_fourier_(no mean)_normal_KL15_130530_5_0.0001_1_window_5,lotka_volterra,1,normal_KL,TemporalGNN_Attention_fourier,32,2,0.0001,0.55,0.4266666666666669,0.44283333333333347,0.6826666666666668,0.5349833333333335,319423,5,0,100,0,0,32,2
lotka_volterraTemporalGNN_Attention_crossattn_(no mean)_normal_KL15_130729_5_0.0001_1_window_5,lotka_volterra,1,normal_KL,TemporalGNN_Attention_crossattn,32,2,0.0001,0.95,0.8633333333333336,0.8543333333333331,0.9603333333333333,0.9077833333333333,436223,5,0,100,0,0,32,2
lotka_volterradeep_mlp_(no mean)_normal_KL15_131221_7_0.0001_1_window_7,lotka_volterra,1,normal_KL,deep_mlp,32,2,0.0001,0.22,0.22333333333333327,0.25249999999999984,0.4031666666666667,0.29109999999999997,1810200,7,0,100,0,0,32,2
lotka_volterraTemporalGNN_Attention_(no mean)_normal_KL15_131404_7_0.0001_1_window_7,lotka_volterra,1,normal_KL,TemporalGNN_Attention,32,2,0.0001,0.4,0.31999999999999984,0.36716666666666664,0.5763333333333331,0.42941666666666656,319487,7,0,100,0,0,32,2
lotka_volterraTemporalGNN_Attention_fourier_(no mean)_normal_KL15_131633_7_0.0001_1_window_7,lotka_volterra,1,normal_KL,TemporalGNN_Attention_fourier,32,2,0.0001,0.4,0.31999999999999984,0.36716666666666664,0.5801666666666665,0.4280499999999998,319487,7,0,100,0,0,32,2
lotka_volterraTemporalGNN_Attention_crossattn_(no mean)_normal_KL15_131901_7_0.0001_1_window_7,lotka_volterra,1,normal_KL,TemporalGNN_Attention_crossattn,32,2,0.0001,0.85,0.6266666666666666,0.6435,0.8258333333333329,0.7290666666666665,436319,7,0,100,0,0,32,2
lotka_volterradeep_mlp_(no mean)_normal_KL15_132433_10_0.0001_1_window_10,lotka_volterra,1,normal_KL,deep_mlp,32,2,0.0001,0.19,0.16333333333333336,0.18866666666666665,0.3328333333333333,0.22945,2586000,10,0,100,0,0,32,2
lotka_volterraTemporalGNN_Attention_(no mean)_normal_KL15_132642_10_0.0001_1_window_10,lotka_volterra,1,normal_KL,TemporalGNN_Attention,32,2,0.0001,0.28,0.25999999999999984,0.3071666666666666,0.4821666666666667,0.34278333333333333,319583,10,0,100,0,0,32,2
lotka_volterraTemporalGNN_Attention_fourier_(no mean)_normal_KL15_133002_10_0.0001_1_window_10,lotka_volterra,1,normal_KL,TemporalGNN_Attention_fourier,32,2,0.0001,0.28,0.2633333333333332,0.3046666666666666,0.4821666666666667,0.34349999999999997,319583,10,0,100,0,0,32,2
lotka_volterraTemporalGNN_Attention_crossattn_(no mean)_normal_KL15_133321_10_0.0001_1_window_10,lotka_volterra,1,normal_KL,TemporalGNN_Attention_crossattn,32,2,0.0001,0.53,0.41999999999999993,0.46800000000000014,0.6708333333333333,0.5302166666666668,436479,10,0,100,0,0,32,2


lag =7 
lotka_volterradeep_mlp_(no mean)_normal_KL15_150349_1_0.0001_1_window_1,lotka_volterra,1,normal_KL,deep_mlp,32,2,0.0001,0.44,0.3466666666666665,0.3881666666666666,0.5471666666666666,0.4368166666666665,258600,1,0,100,0,0,32,2
lotka_volterraTemporalGNN_Attention_(no mean)_normal_KL15_150443_1_0.0001_1_window_1,lotka_volterra,1,normal_KL,TemporalGNN_Attention,32,2,0.0001,0.51,0.4433333333333333,0.4308333333333334,0.607,0.5002333333333334,319295,1,0,100,0,0,32,2
lotka_volterraTemporalGNN_Attention_fourier_(no mean)_normal_KL15_150551_1_0.0001_1_window_1,lotka_volterra,1,normal_KL,TemporalGNN_Attention_fourier,32,2,0.0001,0.51,0.4433333333333333,0.4308333333333334,0.607,0.5002333333333334,319295,1,0,100,0,0,32,2
lotka_volterraTemporalGNN_Attention_crossattn_(no mean)_normal_KL15_150658_1_0.0001_1_window_1,lotka_volterra,1,normal_KL,TemporalGNN_Attention_crossattn,32,2,0.0001,0.58,0.5733333333333334,0.5901666666666666,0.7486666666666666,0.63665,436031,1,0,100,0,0,32,2
lotka_volterradeep_mlp_(no mean)_normal_KL15_151031_5_0.0001_1_window_5,lotka_volterra,1,normal_KL,deep_mlp,32,2,0.0001,0.25,0.2533333333333332,0.26383333333333325,0.4268333333333333,0.31036666666666657,1293000,5,0,100,0,0,32,2
lotka_volterraTemporalGNN_Attention_(no mean)_normal_KL15_151200_5_0.0001_1_window_5,lotka_volterra,1,normal_KL,TemporalGNN_Attention,32,2,0.0001,0.21,0.19333333333333336,0.24033333333333323,0.3875,0.26854999999999996,319423,5,0,100,0,0,32,2
lotka_volterraTemporalGNN_Attention_fourier_(no mean)_normal_KL15_151409_5_0.0001_1_window_5,lotka_volterra,1,normal_KL,TemporalGNN_Attention_fourier,32,2,0.0001,0.21,0.1966666666666667,0.2364999999999999,0.3875,0.26914999999999994,319423,5,0,100,0,0,32,2
lotka_volterraTemporalGNN_Attention_crossattn_(no mean)_normal_KL15_151619_5_0.0001_1_window_5,lotka_volterra,1,normal_KL,TemporalGNN_Attention_crossattn,32,2,0.0001,0.51,0.41,0.4278333333333333,0.6241666666666664,0.5011166666666667,436223,5,0,100,0,0,32,2
lotka_volterradeep_mlp_(no mean)_normal_KL15_151954_7_0.0001_1_window_7,lotka_volterra,1,normal_KL,deep_mlp,32,2,0.0001,0.25,0.22666666666666668,0.23983333333333332,0.41016666666666673,0.28529999999999994,1810200,7,0,100,0,0,32,2
lotka_volterraTemporalGNN_Attention_(no mean)_normal_KL15_152137_7_0.0001_1_window_7,lotka_volterra,1,normal_KL,TemporalGNN_Attention,32,2,0.0001,0.18,0.16666666666666674,0.2163333333333333,0.3613333333333332,0.2403166666666666,319487,7,0,100,0,0,32,2
lotka_volterraTemporalGNN_Attention_fourier_(no mean)_normal_KL15_152419_7_0.0001_1_window_7,lotka_volterra,1,normal_KL,TemporalGNN_Attention_fourier,32,2,0.0001,0.18,0.17000000000000007,0.2085,0.3676666666666666,0.23958333333333326,319487,7,0,100,0,0,32,2
lotka_volterraTemporalGNN_Attention_crossattn_(no mean)_normal_KL15_152658_7_0.0001_1_window_7,lotka_volterra,1,normal_KL,TemporalGNN_Attention_crossattn,32,2,0.0001,0.39,0.30666666666666653,0.3475000000000001,0.5329999999999999,0.4049666666666667,436319,7,0,100,0,0,32,2
lotka_volterradeep_mlp_(no mean)_normal_KL15_153027_10_0.0001_1_window_10,lotka_volterra,1,normal_KL,deep_mlp,32,2,0.0001,0.22,0.18666666666666668,0.21166666666666664,0.37183333333333324,0.25588333333333335,2586000,10,0,100,0,0,32,2
lotka_volterraTemporalGNN_Attention_(no mean)_normal_KL15_153241_10_0.0001_1_window_10,lotka_volterra,1,normal_KL,TemporalGNN_Attention,32,2,0.0001,0.16,0.15000000000000008,0.18366666666666664,0.33483333333333315,0.21798333333333328,319583,10,0,100,0,0,32,2
lotka_volterraTemporalGNN_Attention_fourier_(no mean)_normal_KL15_153609_10_0.0001_1_window_10,lotka_volterra,1,normal_KL,TemporalGNN_Attention_fourier,32,2,0.0001,0.16,0.14666666666666672,0.18366666666666664,0.33733333333333315,0.21769999999999995,319583,10,0,100,0,0,32,2
lotka_volterradeep_mlp_(no mean)_normal_KL15_154019_7_0.0001_1_window_7,lotka_volterra,1,normal_KL,deep_mlp,32,2,0.0001,0.25,0.22666666666666668,0.23983333333333332,0.41016666666666673,0.28529999999999994,1810200,7,0,100,0,0,32,2
lotka_volterraTemporalGNN_Attention_(no mean)_normal_KL15_154204_7_0.0001_1_window_7,lotka_volterra,1,normal_KL,TemporalGNN_Attention,32,2,0.0001,0.18,0.17000000000000007,0.2163333333333333,0.36333333333333323,0.2412499999999999,319487,7,0,100,0,0,32,2


lag =3
lotka_volterradeep_mlp_(no mean)_normal_KL15_154534_7_0.0001_1_window_7,lotka_volterra,1,normal_KL,deep_mlp,32,2,0.0001,0.25,0.22666666666666668,0.23983333333333332,0.41016666666666673,0.28529999999999994,1810200,7,0,100,0,0,32,2
lotka_volterradeep_mlp_(no mean)_normal_KL15_154932_1_0.0001_1_window_1,lotka_volterra,1,normal_KL,deep_mlp,32,2,0.0001,1.0,0.9833333333333336,0.987,1.0,0.9940333333333333,258600,1,0,100,0,0,32,2
lotka_volterradeep_mlp_(no mean)_normal_KL15_155020_1_0.0001_2_window_1,lotka_volterra,2,normal_KL,deep_mlp,32,2,0.0001,1.0,0.99,0.986,1.0,0.99545,258600,1,0,100,0,0,32,2
lotka_volterradeep_mlp_(no mean)_normal_KL15_155109_1_0.0001_3_window_1,lotka_volterra,3,normal_KL,deep_mlp,32,2,0.0001,1.0,0.9933333333333333,0.9745,0.998,0.9922333333333333,258600,1,0,100,0,0,32,2
lotka_volterraTemporalGNN_Attention_(no mean)_normal_KL15_155158_1_0.0001_1_window_1,lotka_volterra,1,normal_KL,TemporalGNN_Attention,32,2,0.0001,1.0,1.0,0.9914999999999999,1.0,0.9982,319295,1,0,100,0,0,32,2
lotka_volterraTemporalGNN_Attention_(no mean)_normal_KL15_155258_1_0.0001_2_window_1,lotka_volterra,2,normal_KL,TemporalGNN_Attention,32,2,0.0001,1.0,0.9933333333333333,0.9895,1.0,0.9980333333333334,319295,1,0,100,0,0,32,2
lotka_volterraTemporalGNN_Attention_(no mean)_normal_KL15_155359_1_0.0001_3_window_1,lotka_volterra,3,normal_KL,TemporalGNN_Attention,32,2,0.0001,1.0,0.9866666666666667,0.983,1.0,0.9948166666666667,319295,1,0,100,0,0,32,2
lotka_volterraTemporalGNN_Attention_fourier_(no mean)_normal_KL15_155458_1_0.0001_1_window_1,lotka_volterra,1,normal_KL,TemporalGNN_Attention_fourier,32,2,0.0001,1.0,1.0,0.9914999999999999,1.0,0.9982,319295,1,0,100,0,0,32,2
lotka_volterraTemporalGNN_Attention_fourier_(no mean)_normal_KL15_155558_1_0.0001_2_window_1,lotka_volterra,2,normal_KL,TemporalGNN_Attention_fourier,32,2,0.0001,1.0,0.9933333333333333,0.9895,1.0,0.9980333333333334,319295,1,0,100,0,0,32,2
lotka_volterraTemporalGNN_Attention_fourier_(no mean)_normal_KL15_155656_1_0.0001_3_window_1,lotka_volterra,3,normal_KL,TemporalGNN_Attention_fourier,32,2,0.0001,1.0,0.9866666666666667,0.983,1.0,0.9948166666666667,319295,1,0,100,0,0,32,2
lotka_volterraTemporalGNN_Attention_crossattn_(no mean)_normal_KL15_155756_1_0.0001_1_window_1,lotka_volterra,1,normal_KL,TemporalGNN_Attention_crossattn,32,2,0.0001,1.0,0.9966666666666666,0.996,1.0,0.9990666666666665,436031,1,0,100,0,0,32,2
lotka_volterraTemporalGNN_Attention_crossattn_(no mean)_normal_KL15_155909_1_0.0001_2_window_1,lotka_volterra,2,normal_KL,TemporalGNN_Attention_crossattn,32,2,0.0001,1.0,0.9966666666666666,0.998,1.0,0.9990166666666667,436031,1,0,100,0,0,32,2
lotka_volterraTemporalGNN_Attention_crossattn_(no mean)_normal_KL15_160024_1_0.0001_3_window_1,lotka_volterra,3,normal_KL,TemporalGNN_Attention_crossattn,32,2,0.0001,1.0,0.9966666666666666,0.9934999999999999,1.0,0.9980666666666667,436031,1,0,100,0,0,32,2
lotka_volterradeep_mlp_(no mean)_normal_KL15_160138_5_0.0001_1_window_5,lotka_volterra,1,normal_KL,deep_mlp,32,2,0.0001,0.98,0.8533333333333336,0.8158333333333332,0.9271666666666666,0.8900833333333333,1293000,5,0,100,0,0,32,2
lotka_volterradeep_mlp_(no mean)_normal_KL15_160259_5_0.0001_2_window_5,lotka_volterra,2,normal_KL,deep_mlp,32,2,0.0001,0.94,0.8333333333333333,0.7831666666666662,0.9273333333333335,0.8692666666666666,1293000,5,0,100,0,0,32,2
lotka_volterradeep_mlp_(no mean)_normal_KL15_160419_5_0.0001_3_window_5,lotka_volterra,3,normal_KL,deep_mlp,32,2,0.0001,0.95,0.8499999999999999,0.7979999999999996,0.9274999999999999,0.8735166666666665,1293000,5,0,100,0,0,32,2
lotka_volterraTemporalGNN_Attention_(no mean)_normal_KL15_160542_5_0.0001_1_window_5,lotka_volterra,1,normal_KL,TemporalGNN_Attention,32,2,0.0001,0.99,0.8600000000000003,0.8344999999999996,0.9556666666666667,0.9029666666666667,319423,5,0,100,0,0,32,2
lotka_volterraTemporalGNN_Attention_(no mean)_normal_KL15_160738_5_0.0001_2_window_5,lotka_volterra,2,normal_KL,TemporalGNN_Attention,32,2,0.0001,0.98,0.8700000000000003,0.8318333333333332,0.9586666666666668,0.9110166666666668,319423,5,0,100,0,0,32,2
lotka_volterraTemporalGNN_Attention_(no mean)_normal_KL15_160938_5_0.0001_3_window_5,lotka_volterra,3,normal_KL,TemporalGNN_Attention,32,2,0.0001,0.96,0.8633333333333337,0.8446666666666665,0.9593333333333334,0.9115666666666666,319423,5,0,100,0,0,32,2
lotka_volterraTemporalGNN_Attention_fourier_(no mean)_normal_KL15_161135_5_0.0001_1_window_5,lotka_volterra,1,normal_KL,TemporalGNN_Attention_fourier,32,2,0.0001,0.99,0.8533333333333336,0.8324999999999996,0.9556666666666667,0.9028500000000002,319423,5,0,100,0,0,32,2
lotka_volterraTemporalGNN_Attention_fourier_(no mean)_normal_KL15_161333_5_0.0001_2_window_5,lotka_volterra,2,normal_KL,TemporalGNN_Attention_fourier,32,2,0.0001,0.98,0.8700000000000003,0.8318333333333332,0.9586666666666668,0.9115166666666668,319423,5,0,100,0,0,32,2
lotka_volterraTemporalGNN_Attention_fourier_(no mean)_normal_KL15_161531_5_0.0001_3_window_5,lotka_volterra,3,normal_KL,TemporalGNN_Attention_fourier,32,2,0.0001,0.97,0.866666666666667,0.8451666666666664,0.9593333333333334,0.9144166666666667,319423,5,0,100,0,0,32,2
lotka_volterraTemporalGNN_Attention_crossattn_(no mean)_normal_KL15_161728_5_0.0001_1_window_5,lotka_volterra,1,normal_KL,TemporalGNN_Attention_crossattn,32,2,0.0001,0.99,0.92,0.8883333333333332,0.9778333333333334,0.9454333333333332,436223,5,0,100,0,0,32,2
lotka_volterraTemporalGNN_Attention_crossattn_(no mean)_normal_KL15_162007_5_0.0001_2_window_5,lotka_volterra,2,normal_KL,TemporalGNN_Attention_crossattn,32,2,0.0001,1.0,0.9200000000000002,0.9086666666666665,0.9703333333333333,0.9481499999999998,436223,5,0,100,0,0,32,2
lotka_volterraTemporalGNN_Attention_crossattn_(no mean)_normal_KL15_162245_5_0.0001_3_window_5,lotka_volterra,3,normal_KL,TemporalGNN_Attention_crossattn,32,2,0.0001,0.99,0.8966666666666668,0.8951666666666666,0.9651666666666666,0.9377333333333333,436223,5,0,100,0,0,32,2
lotka_volterradeep_mlp_(no mean)_normal_KL15_162521_7_0.0001_1_window_7,lotka_volterra,1,normal_KL,deep_mlp,32,2,0.0001,0.94,0.7899999999999998,0.7399999999999998,0.9060000000000001,0.84385,1810200,7,0,100,0,0,32,2
lotka_volterradeep_mlp_(no mean)_normal_KL15_162659_7_0.0001_2_window_7,lotka_volterra,2,normal_KL,deep_mlp,32,2,0.0001,0.95,0.7766666666666666,0.745833333333333,0.8756666666666666,0.8215166666666665,1810200,7,0,100,0,0,32,2
lotka_volterradeep_mlp_(no mean)_normal_KL15_162837_7_0.0001_3_window_7,lotka_volterra,3,normal_KL,deep_mlp,32,2,0.0001,0.98,0.8166666666666669,0.7679999999999996,0.9063333333333332,0.8600666666666665,1810200,7,0,100,0,0,32,2
lotka_volterraTemporalGNN_Attention_(no mean)_normal_KL15_163015_7_0.0001_1_window_7,lotka_volterra,1,normal_KL,TemporalGNN_Attention,32,2,0.0001,1.0,0.8700000000000001,0.8466666666666666,0.9734999999999999,0.9233833333333333,319487,7,0,100,0,0,32,2
lotka_volterraTemporalGNN_Attention_(no mean)_normal_KL15_163243_7_0.0001_2_window_7,lotka_volterra,2,normal_KL,TemporalGNN_Attention,32,2,0.0001,0.98,0.9233333333333333,0.8978333333333333,0.9869999999999999,0.9489333333333333,319487,7,0,100,0,0,32,2
lotka_volterraTemporalGNN_Attention_(no mean)_normal_KL15_163510_7_0.0001_3_window_7,lotka_volterra,3,normal_KL,TemporalGNN_Attention,32,2,0.0001,1.0,0.9033333333333339,0.8736666666666666,0.9649999999999999,0.9359333333333334,319487,7,0,100,0,0,32,2
lotka_volterraTemporalGNN_Attention_fourier_(no mean)_normal_KL15_163737_7_0.0001_1_window_7,lotka_volterra,1,normal_KL,TemporalGNN_Attention_fourier,32,2,0.0001,1.0,0.8700000000000001,0.8491666666666666,0.9734999999999999,0.9233833333333333,319487,7,0,100,0,0,32,2
lotka_volterraTemporalGNN_Attention_fourier_(no mean)_normal_KL15_164005_7_0.0001_2_window_7,lotka_volterra,2,normal_KL,TemporalGNN_Attention_fourier,32,2,0.0001,0.98,0.9233333333333333,0.9011666666666666,0.9889999999999999,0.9494833333333332,319487,7,0,100,0,0,32,2
lotka_volterraTemporalGNN_Attention_fourier_(no mean)_normal_KL15_164233_7_0.0001_3_window_7,lotka_volterra,3,normal_KL,TemporalGNN_Attention_fourier,32,2,0.0001,1.0,0.9033333333333339,0.8708333333333332,0.9669999999999999,0.9349833333333335,319487,7,0,100,0,0,32,2
lotka_volterraTemporalGNN_Attention_crossattn_(no mean)_normal_KL15_164501_7_0.0001_1_window_7,lotka_volterra,1,normal_KL,TemporalGNN_Attention_crossattn,32,2,0.0001,1.0,0.9933333333333333,0.9940000000000001,1.0,0.9970333333333332,436319,7,0,100,0,0,32,2
lotka_volterraTemporalGNN_Attention_crossattn_(no mean)_normal_KL15_164821_7_0.0001_2_window_7,lotka_volterra,2,normal_KL,TemporalGNN_Attention_crossattn,32,2,0.0001,1.0,0.99,0.9869999999999999,1.0,0.9968,436319,7,0,100,0,0,32,2
lotka_volterraTemporalGNN_Attention_crossattn_(no mean)_normal_KL15_165141_7_0.0001_3_window_7,lotka_volterra,3,normal_KL,TemporalGNN_Attention_crossattn,32,2,0.0001,1.0,0.99,0.9856666666666666,0.9975,0.9940833333333334,436319,7,0,100,0,0,32,2
lotka_volterradeep_mlp_(no mean)_normal_KL15_165459_10_0.0001_1_window_10,lotka_volterra,1,normal_KL,deep_mlp,32,2,0.0001,0.92,0.7366666666666666,0.7068333333333331,0.8703333333333334,0.8005666666666664,2586000,10,0,100,0,0,32,2
lotka_volterradeep_mlp_(no mean)_normal_KL15_165706_10_0.0001_2_window_10,lotka_volterra,2,normal_KL,deep_mlp,32,2,0.0001,0.88,0.7233333333333334,0.6938333333333333,0.8406666666666663,0.7745999999999997,2586000,10,0,100,0,0,32,2
lotka_volterradeep_mlp_(no mean)_normal_KL15_165912_10_0.0001_3_window_10,lotka_volterra,3,normal_KL,deep_mlp,32,2,0.0001,0.93,0.74,0.7244999999999996,0.8731666666666666,0.8103999999999999,2586000,10,0,100,0,0,32,2
lotka_volterraTemporalGNN_Attention_(no mean)_normal_KL15_170120_10_0.0001_1_window_10,lotka_volterra,1,normal_KL,TemporalGNN_Attention,32,2,0.0001,0.96,0.8200000000000003,0.798333333333333,0.9406666666666665,0.8775666666666666,319583,10,0,100,0,0,32,2
lotka_volterraTemporalGNN_Attention_(no mean)_normal_KL15_170437_10_0.0001_2_window_10,lotka_volterra,2,normal_KL,TemporalGNN_Attention,32,2,0.0001,0.98,0.8566666666666669,0.8409999999999997,0.9614999999999999,0.9081166666666665,319583,10,0,100,0,0,32,2
lotka_volterraTemporalGNN_Attention_(no mean)_normal_KL15_170756_10_0.0001_3_window_10,lotka_volterra,3,normal_KL,TemporalGNN_Attention,32,2,0.0001,0.96,0.8400000000000003,0.8085,0.946,0.8878833333333332,319583,10,0,100,0,0,32,2
lotka_volterraTemporalGNN_Attention_fourier_(no mean)_normal_KL15_171116_10_0.0001_1_window_10,lotka_volterra,1,normal_KL,TemporalGNN_Attention_fourier,32,2,0.0001,0.96,0.8166666666666669,0.798333333333333,0.9406666666666665,0.8772333333333332,319583,10,0,100,0,0,32,2
lotka_volterraTemporalGNN_Attention_fourier_(no mean)_normal_KL15_171435_10_0.0001_2_window_10,lotka_volterra,2,normal_KL,TemporalGNN_Attention_fourier,32,2,0.0001,0.98,0.8533333333333336,0.8396666666666665,0.9594999999999999,0.9073,319583,10,0,100,0,0,32,2
lotka_volterraTemporalGNN_Attention_fourier_(no mean)_normal_KL15_171754_10_0.0001_3_window_10,lotka_volterra,3,normal_KL,TemporalGNN_Attention_fourier,32,2,0.0001,0.95,0.8433333333333337,0.8085,0.9434999999999999,0.88615,319583,10,0,100,0,0,32,2
lotka_volterraTemporalGNN_Attention_crossattn_(no mean)_normal_KL15_172112_10_0.0001_1_window_10,lotka_volterra,1,normal_KL,TemporalGNN_Attention_crossattn,32,2,0.0001,1.0,0.9933333333333334,0.9884999999999999,1.0,0.9959833333333334,436479,10,0,100,0,0,32,2
lotka_volterraTemporalGNN_Attention_crossattn_(no mean)_normal_KL15_172545_10_0.0001_2_window_10,lotka_volterra,2,normal_KL,TemporalGNN_Attention_crossattn,32,2,0.0001,1.0,0.9966666666666667,0.9939999999999999,1.0,0.9988166666666667,436479,10,0,100,0,0,32,2
lotka_volterraTemporalGNN_Attention_crossattn_(no mean)_normal_KL15_173018_10_0.0001_3_window_10,lotka_volterra,3,normal_KL,TemporalGNN_Attention_crossattn,32,2,0.0001,1.0,0.99,0.9824999999999998,1.0,0.9952500000000001,436479,10,0,100,0,0,32,2
lotka_volterradeep_mlp_(no mean)_normal_KL15_173452_15_0.0001_1_window_15,lotka_volterra,1,normal_KL,deep_mlp,32,2,0.0001,0.82,0.6566666666666666,0.6554999999999999,0.8299999999999997,0.7394,3879000,15,0,100,0,0,32,2
lotka_volterradeep_mlp_(no mean)_normal_KL15_173750_15_0.0001_2_window_15,lotka_volterra,2,normal_KL,deep_mlp,32,2,0.0001,0.8,0.6266666666666665,0.6214999999999998,0.7774999999999999,0.7051833333333332,3879000,15,0,100,0,0,32,2
lotka_volterradeep_mlp_(no mean)_normal_KL15_174047_15_0.0001_3_window_15,lotka_volterra,3,normal_KL,deep_mlp,32,2,0.0001,0.75,0.6066666666666665,0.6081666666666664,0.7969999999999997,0.6924833333333331,3879000,15,0,100,0,0,32,2



more temporal lag=5
lotka_volterradeep_mlp_(no mean)_normal_KL15_134621_1_0.0001_1_window_1,lotka_volterra,1,normal_KL,deep_mlp,32,2,0.0001,0.73,0.5199999999999999,0.4965000000000002,0.6489999999999999,0.5825333333333333,258600,1,0,100,0,0,32,2
lotka_volterraTemporalGNN_Attention_(no mean)_normal_KL15_134712_1_0.0001_1_window_1,lotka_volterra,1,normal_KL,TemporalGNN_Attention,32,2,0.0001,0.75,0.5133333333333333,0.4781666666666668,0.6703333333333332,0.5805166666666667,319295,1,0,100,0,0,32,2
lotka_volterraTemporalGNN_Attention_fourier_(no mean)_normal_KL15_134815_1_0.0001_1_window_1,lotka_volterra,1,normal_KL,TemporalGNN_Attention_fourier,32,2,0.0001,0.75,0.5133333333333333,0.4781666666666668,0.6703333333333332,0.5805166666666667,319295,1,0,100,0,0,32,2
lotka_volterraTemporalGNN_Attention_crossattn_(no mean)_normal_KL15_134917_1_0.0001_1_window_1,lotka_volterra,1,normal_KL,TemporalGNN_Attention_crossattn,32,2,0.0001,0.74,0.5033333333333334,0.49,0.6753333333333333,0.5853166666666667,436031,1,0,100,0,0,32,2
lotka_volterradeep_mlp_(no mean)_normal_KL15_135219_5_0.0001_1_window_5,lotka_volterra,1,normal_KL,deep_mlp,32,2,0.0001,0.57,0.5066666666666668,0.5051666666666668,0.6665000000000001,0.5704499999999999,1293000,5,0,100,0,0,32,2
lotka_volterraTemporalGNN_Attention_(no mean)_normal_KL15_135343_5_0.0001_1_window_5,lotka_volterra,1,normal_KL,TemporalGNN_Attention,32,2,0.0001,0.71,0.5233333333333332,0.4763333333333334,0.6576666666666664,0.5795333333333332,319423,5,0,100,0,0,32,2
lotka_volterraTemporalGNN_Attention_fourier_(no mean)_normal_KL15_135544_5_0.0001_1_window_5,lotka_volterra,1,normal_KL,TemporalGNN_Attention_fourier,32,2,0.0001,0.71,0.5233333333333332,0.4843333333333334,0.6504999999999999,0.5797666666666667,319423,5,0,100,0,0,32,2
lotka_volterraTemporalGNN_Attention_crossattn_(no mean)_normal_KL15_135747_5_0.0001_1_window_5,lotka_volterra,1,normal_KL,TemporalGNN_Attention_crossattn,32,2,0.0001,0.72,0.51,0.499,0.6486666666666666,0.5803166666666667,436223,5,0,100,0,0,32,2
lotka_volterradeep_mlp_(no mean)_normal_KL15_140213_7_0.0001_1_window_7,lotka_volterra,1,normal_KL,deep_mlp,32,2,0.0001,0.54,0.40333333333333365,0.4056666666666668,0.6026666666666666,0.47855000000000014,1810200,7,0,100,0,0,32,2
lotka_volterraTemporalGNN_Attention_(no mean)_normal_KL15_140354_7_0.0001_1_window_7,lotka_volterra,1,normal_KL,TemporalGNN_Attention,32,2,0.0001,0.9,0.6499999999999997,0.6129999999999999,0.7973333333333333,0.7175499999999999,319487,7,0,100,0,0,32,2
lotka_volterraTemporalGNN_Attention_fourier_(no mean)_normal_KL15_140624_7_0.0001_1_window_7,lotka_volterra,1,normal_KL,TemporalGNN_Attention_fourier,32,2,0.0001,0.88,0.6499999999999999,0.6023333333333332,0.8258333333333334,0.7197500000000001,319487,7,0,100,0,0,32,2
lotka_volterraTemporalGNN_Attention_crossattn_(no mean)_normal_KL15_140854_7_0.0001_1_window_7,lotka_volterra,1,normal_KL,TemporalGNN_Attention_crossattn,32,2,0.0001,0.86,0.6566666666666664,0.6405000000000001,0.8128333333333332,0.7228333333333332,436319,7,0,100,0,0,32,2
lotka_volterradeep_mlp_(no mean)_normal_KL15_141412_10_0.0001_1_window_10,lotka_volterra,1,normal_KL,deep_mlp,32,2,0.0001,0.46,0.3466666666666666,0.3766666666666665,0.5448333333333332,0.4315833333333333,2586000,10,0,100,0,0,32,2
lotka_volterraTemporalGNN_Attention_(no mean)_normal_KL15_141625_10_0.0001_1_window_10,lotka_volterra,1,normal_KL,TemporalGNN_Attention,32,2,0.0001,0.72,0.48,0.44833333333333336,0.6089999999999999,0.5415166666666666,319583,10,0,100,0,0,32,2
lotka_volterraTemporalGNN_Attention_fourier_(no mean)_normal_KL15_141948_10_0.0001_1_window_10,lotka_volterra,1,normal_KL,TemporalGNN_Attention_fourier,32,2,0.0001,0.72,0.4800000000000001,0.43933333333333335,0.6168333333333331,0.5421333333333334,319583,10,0,100,0,0,32,2
lotka_volterraTemporalGNN_Attention_crossattn_(no mean)_normal_KL15_142311_10_0.0001_1_window_10,lotka_volterra,1,normal_KL,TemporalGNN_Attention_crossattn,32,2,0.0001,0.78,0.5533333333333335,0.5091666666666669,0.6626666666666665,0.6024166666666668,436479,10,0,100,0,0,32,2
lotka_volterradeep_mlp_(no mean)_normal_KL15_175238_1_0.0001_2_window_1,lotka_volterra,2,normal_KL,deep_mlp,32,2,0.0001,0.79,0.5466666666666665,0.4938333333333334,0.6854999999999998,0.6062,258600,1,0,100,0,0,32,2
lotka_volterradeep_mlp_(no mean)_normal_KL15_175328_1_0.0001_3_window_1,lotka_volterra,3,normal_KL,deep_mlp,32,2,0.0001,0.8,0.5766666666666665,0.5303333333333332,0.6881666666666665,0.6240833333333332,258600,1,0,100,0,0,32,2
lotka_volterraTemporalGNN_Attention_(no mean)_normal_KL15_175419_1_0.0001_2_window_1,lotka_volterra,2,normal_KL,TemporalGNN_Attention,32,2,0.0001,0.76,0.5266666666666666,0.4935000000000001,0.6643333333333331,0.5931,319295,1,0,100,0,0,32,2
lotka_volterraTemporalGNN_Attention_(no mean)_normal_KL15_175524_1_0.0001_3_window_1,lotka_volterra,3,normal_KL,TemporalGNN_Attention,32,2,0.0001,0.73,0.5466666666666665,0.4809999999999999,0.6534999999999997,0.5816999999999999,319295,1,0,100,0,0,32,2
lotka_volterraTemporalGNN_Attention_fourier_(no mean)_normal_KL15_175626_1_0.0001_2_window_1,lotka_volterra,2,normal_KL,TemporalGNN_Attention_fourier,32,2,0.0001,0.76,0.5266666666666666,0.4935000000000001,0.6643333333333331,0.5931,319295,1,0,100,0,0,32,2
lotka_volterraTemporalGNN_Attention_fourier_(no mean)_normal_KL15_175732_1_0.0001_3_window_1,lotka_volterra,3,normal_KL,TemporalGNN_Attention_fourier,32,2,0.0001,0.73,0.5466666666666665,0.4809999999999999,0.6534999999999997,0.5816999999999999,319295,1,0,100,0,0,32,2
lotka_volterraTemporalGNN_Attention_crossattn_(no mean)_normal_KL15_175835_1_0.0001_2_window_1,lotka_volterra,2,normal_KL,TemporalGNN_Attention_crossattn,32,2,0.0001,0.81,0.5599999999999999,0.5036666666666667,0.6635,0.6038833333333333,436031,1,0,100,0,0,32,2
lotka_volterraTemporalGNN_Attention_crossattn_(no mean)_normal_KL15_175952_1_0.0001_3_window_1,lotka_volterra,3,normal_KL,TemporalGNN_Attention_crossattn,32,2,0.0001,0.73,0.5366666666666667,0.4781666666666668,0.6563333333333331,0.5776833333333333,436031,1,0,100,0,0,32,2
lotka_volterradeep_mlp_(no mean)_normal_KL15_180108_5_0.0001_2_window_5,lotka_volterra,2,normal_KL,deep_mlp,32,2,0.0001,0.63,0.46333333333333315,0.4678333333333333,0.6358333333333333,0.5421333333333334,1293000,5,0,100,0,0,32,2
lotka_volterradeep_mlp_(no mean)_normal_KL15_180233_5_0.0001_3_window_5,lotka_volterra,3,normal_KL,deep_mlp,32,2,0.0001,0.6,0.46333333333333343,0.4954999999999999,0.6625,0.5603833333333333,1293000,5,0,100,0,0,32,2
lotka_volterraTemporalGNN_Attention_(no mean)_normal_KL15_180358_5_0.0001_2_window_5,lotka_volterra,2,normal_KL,TemporalGNN_Attention,32,2,0.0001,0.8,0.5466666666666665,0.5138333333333334,0.6764999999999998,0.6074833333333332,319423,5,0,100,0,0,32,2
lotka_volterraTemporalGNN_Attention_(no mean)_normal_KL15_180600_5_0.0001_3_window_5,lotka_volterra,3,normal_KL,TemporalGNN_Attention,32,2,0.0001,0.77,0.5299999999999998,0.48466666666666675,0.6733333333333331,0.5960166666666666,319423,5,0,100,0,0,32,2
lotka_volterraTemporalGNN_Attention_fourier_(no mean)_normal_KL15_180800_5_0.0001_2_window_5,lotka_volterra,2,normal_KL,TemporalGNN_Attention_fourier,32,2,0.0001,0.8,0.5399999999999999,0.5038333333333335,0.6771666666666664,0.6069333333333333,319423,5,0,100,0,0,32,2
lotka_volterraTemporalGNN_Attention_fourier_(no mean)_normal_KL15_181001_5_0.0001_3_window_5,lotka_volterra,3,normal_KL,TemporalGNN_Attention_fourier,32,2,0.0001,0.78,0.5366666666666665,0.49083333333333345,0.6819999999999999,0.5991333333333333,319423,5,0,100,0,0,32,2
lotka_volterraTemporalGNN_Attention_crossattn_(no mean)_normal_KL15_181201_5_0.0001_2_window_5,lotka_volterra,2,normal_KL,TemporalGNN_Attention_crossattn,32,2,0.0001,0.79,0.5433333333333333,0.5080000000000001,0.6636666666666666,0.60495,436223,5,0,100,0,0,32,2
lotka_volterraTemporalGNN_Attention_crossattn_(no mean)_normal_KL15_181443_5_0.0001_3_window_5,lotka_volterra,3,normal_KL,TemporalGNN_Attention_crossattn,32,2,0.0001,0.77,0.5266666666666668,0.5101666666666665,0.6898333333333331,0.6070833333333333,436223,5,0,100,0,0,32,2
lotka_volterradeep_mlp_(no mean)_normal_KL15_181724_7_0.0001_2_window_7,lotka_volterra,2,normal_KL,deep_mlp,32,2,0.0001,0.5,0.4266666666666667,0.41633333333333333,0.6160000000000001,0.48906666666666665,1810200,7,0,100,0,0,32,2
lotka_volterradeep_mlp_(no mean)_normal_KL15_181907_7_0.0001_3_window_7,lotka_volterra,3,normal_KL,deep_mlp,32,2,0.0001,0.59,0.4300000000000004,0.4316666666666667,0.6129999999999999,0.50385,1810200,7,0,100,0,0,32,2
lotka_volterraTemporalGNN_Attention_(no mean)_normal_KL15_182048_7_0.0001_2_window_7,lotka_volterra,2,normal_KL,TemporalGNN_Attention,32,2,0.0001,0.88,0.6233333333333335,0.5868333333333332,0.7934999999999997,0.6977833333333333,319487,7,0,100,0,0,32,2
lotka_volterraTemporalGNN_Attention_(no mean)_normal_KL15_182317_7_0.0001_3_window_7,lotka_volterra,3,normal_KL,TemporalGNN_Attention,32,2,0.0001,0.8,0.5866666666666667,0.5671666666666667,0.7403333333333332,0.6633833333333332,319487,7,0,100,0,0,32,2
lotka_volterraTemporalGNN_Attention_fourier_(no mean)_normal_KL15_182546_7_0.0001_2_window_7,lotka_volterra,2,normal_KL,TemporalGNN_Attention_fourier,32,2,0.0001,0.89,0.62,0.5866666666666666,0.7763333333333331,0.6981499999999998,319487,7,0,100,0,0,32,2
lotka_volterraTemporalGNN_Attention_fourier_(no mean)_normal_KL15_182815_7_0.0001_3_window_7,lotka_volterra,3,normal_KL,TemporalGNN_Attention_fourier,32,2,0.0001,0.81,0.603333333333333,0.5648333333333333,0.7439999999999998,0.6614499999999999,319487,7,0,100,0,0,32,2
lotka_volterraTemporalGNN_Attention_crossattn_(no mean)_normal_KL15_183046_7_0.0001_2_window_7,lotka_volterra,2,normal_KL,TemporalGNN_Attention_crossattn,32,2,0.0001,0.91,0.7066666666666666,0.6699999999999997,0.8111666666666666,0.7554999999999998,436319,7,0,100,0,0,32,2
lotka_volterraTemporalGNN_Attention_crossattn_(no mean)_normal_KL15_183405_7_0.0001_3_window_7,lotka_volterra,3,normal_KL,TemporalGNN_Attention_crossattn,32,2,0.0001,0.91,0.6966666666666665,0.6513333333333331,0.8398333333333331,0.7598833333333331,436319,7,0,100,0,0,32,2
lotka_volterradeep_mlp_(no mean)_normal_KL15_183725_10_0.0001_2_window_10,lotka_volterra,2,normal_KL,deep_mlp,32,2,0.0001,0.46,0.33999999999999986,0.3593333333333332,0.5893333333333333,0.43456666666666666,2586000,10,0,100,0,0,32,2
lotka_volterradeep_mlp_(no mean)_normal_KL15_183934_10_0.0001_3_window_10,lotka_volterra,3,normal_KL,deep_mlp,32,2,0.0001,0.34,0.3233333333333332,0.37499999999999994,0.5566666666666668,0.4172666666666666,2586000,10,0,100,0,0,32,2
lotka_volterraTemporalGNN_Attention_(no mean)_normal_KL15_184143_10_0.0001_2_window_10,lotka_volterra,2,normal_KL,TemporalGNN_Attention,32,2,0.0001,0.75,0.5066666666666669,0.47866666666666674,0.6531666666666667,0.5736666666666665,319583,10,0,100,0,0,32,2
lotka_volterraTemporalGNN_Attention_(no mean)_normal_KL15_184506_10_0.0001_3_window_10,lotka_volterra,3,normal_KL,TemporalGNN_Attention,32,2,0.0001,0.58,0.47333333333333344,0.44299999999999995,0.6319999999999998,0.5247666666666666,319583,10,0,100,0,0,32,2
lotka_volterraTemporalGNN_Attention_fourier_(no mean)_normal_KL15_184828_10_0.0001_2_window_10,lotka_volterra,2,normal_KL,TemporalGNN_Attention_fourier,32,2,0.0001,0.73,0.5100000000000001,0.4848333333333335,0.6539999999999999,0.5735333333333332,319583,10,0,100,0,0,32,2
lotka_volterraTemporalGNN_Attention_fourier_(no mean)_normal_KL15_185149_10_0.0001_3_window_10,lotka_volterra,3,normal_KL,TemporalGNN_Attention_fourier,32,2,0.0001,0.58,0.46333333333333343,0.45099999999999996,0.6324999999999998,0.5230333333333332,319583,10,0,100,0,0,32,2
lotka_volterraTemporalGNN_Attention_crossattn_(no mean)_normal_KL15_185510_10_0.0001_2_window_10,lotka_volterra,2,normal_KL,TemporalGNN_Attention_crossattn,32,2,0.0001,0.78,0.5533333333333333,0.5493333333333333,0.717333333333333,0.6348666666666667,436479,10,0,100,0,0,32,2
lotka_volterraTemporalGNN_Attention_crossattn_(no mean)_normal_KL15_185947_10_0.0001_3_window_10,lotka_volterra,3,normal_KL,TemporalGNN_Attention_crossattn,32,2,0.0001,0.76,0.5733333333333334,0.5256666666666668,0.7014999999999999,0.6250000000000001,436479,10,0,100,0,0,32,2
lotka_volterradeep_mlp_(no mean)_normal_KL16_062725_3_0.0001_1_window_3,lotka_volterra,1,normal_KL,deep_mlp,32,2,0.0001,0.68,0.5166666666666666,0.4933333333333336,0.6850000000000003,0.5852000000000002,775800,3,0,100,0,0,32,2
lotka_volterradeep_mlp_(no mean)_normal_KL16_062830_3_0.0001_2_window_3,lotka_volterra,2,normal_KL,deep_mlp,32,2,0.0001,0.7,0.5066666666666667,0.49949999999999994,0.6741666666666665,0.5836833333333333,775800,3,0,100,0,0,32,2
lotka_volterradeep_mlp_(no mean)_normal_KL16_062932_3_0.0001_3_window_3,lotka_volterra,3,normal_KL,deep_mlp,32,2,0.0001,0.7,0.5,0.5056666666666667,0.6884999999999999,0.5874,775800,3,0,100,0,0,32,2
lotka_volterraTemporalGNN_Attention_(no mean)_normal_KL16_063035_3_0.0001_1_window_3,lotka_volterra,1,normal_KL,TemporalGNN_Attention,32,2,0.0001,0.94,0.7233333333333333,0.6706666666666665,0.7853333333333333,0.7616999999999998,319359,3,0,100,0,0,32,2
lotka_volterraTemporalGNN_Attention_(no mean)_normal_KL16_063201_3_0.0001_2_window_3,lotka_volterra,2,normal_KL,TemporalGNN_Attention,32,2,0.0001,0.95,0.74,0.6674999999999999,0.8111666666666666,0.7710166666666667,319359,3,0,100,0,0,32,2
lotka_volterraTemporalGNN_Attention_(no mean)_normal_KL16_063327_3_0.0001_3_window_3,lotka_volterra,3,normal_KL,TemporalGNN_Attention,32,2,0.0001,0.93,0.7233333333333333,0.6125000000000002,0.7748333333333332,0.7343166666666667,319359,3,0,100,0,0,32,2
lotka_volterraTemporalGNN_Attention_fourier_(no mean)_normal_KL16_063453_3_0.0001_1_window_3,lotka_volterra,1,normal_KL,TemporalGNN_Attention_fourier,32,2,0.0001,0.93,0.7366666666666665,0.6793333333333331,0.8001666666666667,0.7710166666666666,319359,3,0,100,0,0,32,2
lotka_volterraTemporalGNN_Attention_fourier_(no mean)_normal_KL16_063622_3_0.0001_2_window_3,lotka_volterra,2,normal_KL,TemporalGNN_Attention_fourier,32,2,0.0001,0.96,0.7333333333333333,0.6724999999999999,0.823,0.7758333333333333,319359,3,0,100,0,0,32,2
lotka_volterraTemporalGNN_Attention_fourier_(no mean)_normal_KL16_063749_3_0.0001_3_window_3,lotka_volterra,3,normal_KL,TemporalGNN_Attention_fourier,32,2,0.0001,0.94,0.7133333333333332,0.6143333333333334,0.7589999999999999,0.7325333333333333,319359,3,0,100,0,0,32,2
lotka_volterraTemporalGNN_Attention_crossattn_(no mean)_normal_KL16_063917_3_0.0001_1_window_3,lotka_volterra,1,normal_KL,TemporalGNN_Attention_crossattn,32,2,0.0001,0.94,0.7466666666666665,0.6984999999999998,0.8338333333333331,0.7855166666666664,436127,3,0,100,0,0,32,2
lotka_volterraTemporalGNN_Attention_crossattn_(no mean)_normal_KL16_064112_3_0.0001_2_window_3,lotka_volterra,2,normal_KL,TemporalGNN_Attention_crossattn,32,2,0.0001,0.94,0.77,0.6919999999999997,0.8218333333333332,0.7866166666666666,436127,3,0,100,0,0,32,2
lotka_volterraTemporalGNN_Attention_crossattn_(no mean)_normal_KL16_064308_3_0.0001_3_window_3,lotka_volterra,3,normal_KL,TemporalGNN_Attention_crossattn,32,2,0.0001,0.94,0.71,0.6546666666666665,0.8084999999999998,0.7590333333333331,436127,3,0,100,0,0,32,2
lotka_volterradeep_mlp_(no mean)_normal_KL16_064503_12_0.0001_1_window_12,lotka_volterra,1,normal_KL,deep_mlp,32,2,0.0001,0.38,0.3033333333333333,0.3306666666666666,0.5118333333333335,0.38901666666666673,3103200,12,0,100,0,0,32,2
lotka_volterradeep_mlp_(no mean)_normal_KL16_064729_12_0.0001_2_window_12,lotka_volterra,2,normal_KL,deep_mlp,32,2,0.0001,0.28,0.27999999999999986,0.3073333333333333,0.486,0.3559333333333334,3103200,12,0,100,0,0,32,2
lotka_volterradeep_mlp_(no mean)_normal_KL16_064956_12_0.0001_3_window_12,lotka_volterra,3,normal_KL,deep_mlp,32,2,0.0001,0.36,0.2966666666666665,0.3323333333333332,0.5191666666666667,0.37921666666666665,3103200,12,0,100,0,0,32,2
lotka_volterraTemporalGNN_Attention_(no mean)_normal_KL16_065225_12_0.0001_1_window_12,lotka_volterra,1,normal_KL,TemporalGNN_Attention,32,2,0.0001,0.87,0.6066666666666664,0.5356666666666667,0.6446666666666665,0.6293,319647,12,0,100,0,0,32,2
lotka_volterraTemporalGNN_Attention_(no mean)_normal_KL16_065616_12_0.0001_2_window_12,lotka_volterra,2,normal_KL,TemporalGNN_Attention,32,2,0.0001,0.85,0.5866666666666667,0.5190000000000001,0.6409999999999999,0.6104499999999999,319647,12,0,100,0,0,32,2
lotka_volterraTemporalGNN_Attention_(no mean)_normal_KL16_070007_12_0.0001_3_window_12,lotka_volterra,3,normal_KL,TemporalGNN_Attention,32,2,0.0001,0.87,0.5966666666666665,0.507,0.6353333333333334,0.6097166666666667,319647,12,0,100,0,0,32,2
lotka_volterraTemporalGNN_Attention_fourier_(no mean)_normal_KL16_070357_12_0.0001_1_window_12,lotka_volterra,1,normal_KL,TemporalGNN_Attention_fourier,32,2,0.0001,0.87,0.6066666666666664,0.5356666666666667,0.6446666666666665,0.6293,319647,12,0,100,0,0,32,2
lotka_volterraTemporalGNN_Attention_fourier_(no mean)_normal_KL16_070747_12_0.0001_2_window_12,lotka_volterra,2,normal_KL,TemporalGNN_Attention_fourier,32,2,0.0001,0.85,0.5866666666666667,0.5190000000000001,0.6409999999999999,0.6104499999999999,319647,12,0,100,0,0,32,2
lotka_volterraTemporalGNN_Attention_fourier_(no mean)_normal_KL16_071138_12_0.0001_3_window_12,lotka_volterra,3,normal_KL,TemporalGNN_Attention_fourier,32,2,0.0001,0.87,0.5966666666666665,0.507,0.6378333333333334,0.6099666666666665,319647,12,0,100,0,0,32,2
lotka_volterraTemporalGNN_Attention_crossattn_(no mean)_normal_KL16_071528_12_0.0001_1_window_12,lotka_volterra,1,normal_KL,TemporalGNN_Attention_crossattn,32,2,0.0001,0.78,0.5266666666666666,0.48466666666666675,0.6876666666666665,0.59805,436575,12,0,100,0,0,32,2
lotka_volterraTemporalGNN_Attention_crossattn_(no mean)_normal_KL16_072047_12_0.0001_2_window_12,lotka_volterra,2,normal_KL,TemporalGNN_Attention_crossattn,32,2,0.0001,0.76,0.5266666666666666,0.4780000000000001,0.6438333333333333,0.5806000000000001,436575,12,0,100,0,0,32,2
lotka_volterraTemporalGNN_Attention_crossattn_(no mean)_normal_KL16_072608_12_0.0001_3_window_12,lotka_volterra,3,normal_KL,TemporalGNN_Attention_crossattn,32,2,0.0001,0.77,0.5033333333333333,0.4775000000000002,0.6535000000000001,0.5800000000000001,436575,12,0,100,0,0,32,2
lotka_volterradeep_mlp_(no mean)_normal_KL16_073126_15_0.0001_1_window_15,lotka_volterra,1,normal_KL,deep_mlp,32,2,0.0001,0.39,0.26666666666666655,0.27883333333333327,0.47449999999999987,0.35091666666666665,3879000,15,0,100,0,0,32,2
lotka_volterradeep_mlp_(no mean)_normal_KL16_073425_15_0.0001_2_window_15,lotka_volterra,2,normal_KL,deep_mlp,32,2,0.0001,0.33,0.2599999999999999,0.27216666666666656,0.46599999999999997,0.3347666666666666,3879000,15,0,100,0,0,32,2
lotka_volterradeep_mlp_(no mean)_normal_KL16_073724_15_0.0001_3_window_15,lotka_volterra,3,normal_KL,deep_mlp,32,2,0.0001,0.39,0.27333333333333326,0.29133333333333317,0.47016666666666673,0.35409999999999997,3879000,15,0,100,0,0,32,2
lotka_volterraTemporalGNN_Attention_(no mean)_normal_KL16_074023_15_0.0001_1_window_15,lotka_volterra,1,normal_KL,TemporalGNN_Attention,32,2,0.0001,0.71,0.49333333333333307,0.4798333333333334,0.6658333333333333,0.5740833333333333,319743,15,0,100,0,0,32,2
lotka_volterraTemporalGNN_Attention_(no mean)_normal_KL16_074508_15_0.0001_2_window_15,lotka_volterra,2,normal_KL,TemporalGNN_Attention,32,2,0.0001,0.71,0.48333333333333334,0.49683333333333346,0.7053333333333334,0.58575,319743,15,0,100,0,0,32,2
lotka_volterraTemporalGNN_Attention_(no mean)_normal_KL16_074952_15_0.0001_3_window_15,lotka_volterra,3,normal_KL,TemporalGNN_Attention,32,2,0.0001,0.74,0.5033333333333334,0.4738333333333333,0.6543333333333331,0.5738000000000001,319743,15,0,100,0,0,32,2
lotka_volterraTemporalGNN_Attention_fourier_(no mean)_normal_KL16_075437_15_0.0001_1_window_15,lotka_volterra,1,normal_KL,TemporalGNN_Attention_fourier,32,2,0.0001,0.7,0.4933333333333331,0.4778333333333334,0.6703333333333333,0.573,319743,15,0,100,0,0,32,2
lotka_volterraTemporalGNN_Attention_fourier_(no mean)_normal_KL16_075925_15_0.0001_2_window_15,lotka_volterra,2,normal_KL,TemporalGNN_Attention_fourier,32,2,0.0001,0.74,0.5066666666666668,0.4866666666666668,0.6839999999999999,0.5880333333333334,319743,15,0,100,0,0,32,2
lotka_volterraTemporalGNN_Attention_fourier_(no mean)_normal_KL16_080410_15_0.0001_3_window_15,lotka_volterra,3,normal_KL,TemporalGNN_Attention_fourier,32,2,0.0001,0.73,0.4966666666666667,0.4829999999999999,0.6546666666666665,0.5722333333333334,319743,15,0,100,0,0,32,2
lotka_volterraTemporalGNN_Attention_crossattn_(no mean)_normal_KL16_080856_15_0.0001_1_window_15,lotka_volterra,1,normal_KL,TemporalGNN_Attention_crossattn,32,2,0.0001,0.74,0.5633333333333332,0.5493333333333333,0.7195,0.6332833333333332,436703,15,0,100,0,0,32,2
lotka_volterraTemporalGNN_Attention_crossattn_(no mean)_normal_KL16_081524_15_0.0001_2_window_15,lotka_volterra,2,normal_KL,TemporalGNN_Attention_crossattn,32,2,0.0001,0.74,0.5733333333333335,0.5326666666666666,0.7191666666666667,0.6346999999999999,436703,15,0,100,0,0,32,2
lotka_volterraTemporalGNN_Attention_crossattn_(no mean)_normal_KL16_082149_15_0.0001_3_window_15,lotka_volterra,3,normal_KL,TemporalGNN_Attention_crossattn,32,2,0.0001,0.73,0.5499999999999998,0.528,0.7184999999999999,0.6224333333333332,436703,15,0,100,0,0,32,2
lotka_volterrarcd_(no mean)_normal_KL16_114909_1_0.0001_1_window_1,lotka_volterra,1,normal_KL,rcd,128,2,0.0001,0.12,0.15000000000000008,0.157,0.26733333333333326,0.18451666666666666,0,1,0,5000,0,0,128,2
lotka_volterrarcd_(no mean)_normal_KL16_115043_1_0.0001_2_window_1,lotka_volterra,2,normal_KL,rcd,128,2,0.0001,0.12,0.15000000000000008,0.157,0.26733333333333326,0.18451666666666666,0,1,0,5000,0,0,128,2
lotka_volterrarcd_(no mean)_normal_KL16_115218_1_0.0001_3_window_1,lotka_volterra,3,normal_KL,rcd,128,2,0.0001,0.12,0.15000000000000008,0.157,0.26733333333333326,0.18451666666666666,0,1,0,5000,0,0,128,2
lotka_volterrarcd_(no mean)_normal_KL16_115352_1_0.0001_4_window_1,lotka_volterra,4,normal_KL,rcd,128,2,0.0001,0.12,0.15000000000000008,0.157,0.26733333333333326,0.18451666666666666,0,1,0,5000,0,0,128,2
lotka_volterrarcd_(no mean)_normal_KL16_115527_1_0.0001_5_window_1,lotka_volterra,5,normal_KL,rcd,128,2,0.0001,0.12,0.15000000000000008,0.157,0.26733333333333326,0.18451666666666666,0,1,0,5000,0,0,128,2
lotka_volterrarcd_(no mean)_normal_KL16_115701_1_0.0001_6_window_1,lotka_volterra,6,normal_KL,rcd,128,2,0.0001,0.12,0.15000000000000008,0.157,0.26733333333333326,0.18451666666666666,0,1,0,5000,0,0,128,2
lotka_volterraepsilon_diagnosis_(no mean)_normal_KL16_115837_1_0.0001_1_window_1,lotka_volterra,1,normal_KL,epsilon_diagnosis,128,2,0.0001,0.15,0.11333333333333334,0.14533333333333334,0.24283333333333332,0.1671333333333333,0,1,0,5000,0,0,128,2
lotka_volterraepsilon_diagnosis_(no mean)_normal_KL16_120410_1_0.0001_2_window_1,lotka_volterra,2,normal_KL,epsilon_diagnosis,128,2,0.0001,0.15,0.11333333333333334,0.14533333333333334,0.24283333333333332,0.1671333333333333,0,1,0,5000,0,0,128,2
lotka_volterraepsilon_diagnosis_(no mean)_normal_KL16_120826_1_0.0001_3_window_1,lotka_volterra,3,normal_KL,epsilon_diagnosis,128,2,0.0001,0.15,0.11333333333333334,0.14533333333333334,0.24283333333333332,0.1671333333333333,0,1,0,5000,0,0,128,2
lotka_volterraepsilon_diagnosis_(no mean)_normal_KL16_121151_1_0.0001_4_window_1,lotka_volterra,4,normal_KL,epsilon_diagnosis,128,2,0.0001,0.15,0.11333333333333334,0.14533333333333334,0.24283333333333332,0.1671333333333333,0,1,0,5000,0,0,128,2
lotka_volterraepsilon_diagnosis_(no mean)_normal_KL16_121527_1_0.0001_5_window_1,lotka_volterra,5,normal_KL,epsilon_diagnosis,128,2,0.0001,0.15,0.11333333333333334,0.14533333333333334,0.24283333333333332,0.1671333333333333,0,1,0,5000,0,0,128,2
lotka_volterraepsilon_diagnosis_(no mean)_normal_KL16_121907_1_0.0001_6_window_1,lotka_volterra,6,normal_KL,epsilon_diagnosis,128,2,0.0001,0.15,0.11333333333333334,0.14533333333333334,0.24283333333333332,0.1671333333333333,0,1,0,5000,0,0,128,2
lotka_volterrarcd_(no mean)_normal_KL16_122316_5_0.0001_1_window_5,lotka_volterra,1,normal_KL,rcd,128,2,0.0001,0.12,0.15000000000000008,0.157,0.26733333333333326,0.18451666666666666,0,5,0,5000,0,0,128,2
lotka_volterrarcd_(no mean)_normal_KL16_122458_5_0.0001_2_window_5,lotka_volterra,2,normal_KL,rcd,128,2,0.0001,0.12,0.15000000000000008,0.157,0.26733333333333326,0.18451666666666666,0,5,0,5000,0,0,128,2
lotka_volterrarcd_(no mean)_normal_KL16_122637_5_0.0001_3_window_5,lotka_volterra,3,normal_KL,rcd,128,2,0.0001,0.12,0.15000000000000008,0.157,0.26733333333333326,0.18451666666666666,0,5,0,5000,0,0,128,2
lotka_volterraepsilon_diagnosis_(no mean)_normal_KL16_122815_5_0.0001_1_window_5,lotka_volterra,1,normal_KL,epsilon_diagnosis,128,2,0.0001,0.15,0.11333333333333334,0.14533333333333334,0.24283333333333332,0.1671333333333333,0,5,0,5000,0,0,128,2
lotka_volterraepsilon_diagnosis_(no mean)_normal_KL16_123200_5_0.0001_2_window_5,lotka_volterra,2,normal_KL,epsilon_diagnosis,128,2,0.0001,0.15,0.11333333333333334,0.14533333333333334,0.24283333333333332,0.1671333333333333,0,5,0,5000,0,0,128,2
lotka_volterraepsilon_diagnosis_(no mean)_normal_KL16_123536_5_0.0001_3_window_5,lotka_volterra,3,normal_KL,epsilon_diagnosis,128,2,0.0001,0.15,0.11333333333333334,0.14533333333333334,0.24283333333333332,0.1671333333333333,0,5,0,5000,0,0,128,2
lotka_volterrarcd_(no mean)_normal_KL16_123953_7_0.0001_1_window_7,lotka_volterra,1,normal_KL,rcd,128,2,0.0001,0.12,0.15000000000000008,0.157,0.26733333333333326,0.18451666666666666,0,7,0,5000,0,0,128,2
lotka_volterrarcd_(no mean)_normal_KL16_124135_7_0.0001_2_window_7,lotka_volterra,2,normal_KL,rcd,128,2,0.0001,0.12,0.15000000000000008,0.157,0.26733333333333326,0.18451666666666666,0,7,0,5000,0,0,128,2
lotka_volterrarcd_(no mean)_normal_KL16_124314_7_0.0001_3_window_7,lotka_volterra,3,normal_KL,rcd,128,2,0.0001,0.12,0.15000000000000008,0.157,0.26733333333333326,0.18451666666666666,0,7,0,5000,0,0,128,2
lotka_volterraepsilon_diagnosis_(no mean)_normal_KL16_124453_7_0.0001_1_window_7,lotka_volterra,1,normal_KL,epsilon_diagnosis,128,2,0.0001,0.15,0.11333333333333334,0.14533333333333334,0.24283333333333332,0.1671333333333333,0,7,0,5000,0,0,128,2
lotka_volterraepsilon_diagnosis_(no mean)_normal_KL16_124842_7_0.0001_2_window_7,lotka_volterra,2,normal_KL,epsilon_diagnosis,128,2,0.0001,0.15,0.11333333333333334,0.14533333333333334,0.24283333333333332,0.1671333333333333,0,7,0,5000,0,0,128,2
lotka_volterraepsilon_diagnosis_(no mean)_normal_KL16_125305_7_0.0001_3_window_7,lotka_volterra,3,normal_KL,epsilon_diagnosis,128,2,0.0001,0.15,0.11333333333333334,0.14533333333333334,0.24283333333333332,0.1671333333333333,0,7,0,5000,0,0,128,2
lotka_volterrarcd_(no mean)_normal_KL16_125931_10_0.0001_1_window_10,lotka_volterra,1,normal_KL,rcd,128,2,0.0001,0.12,0.15000000000000008,0.157,0.26733333333333326,0.18451666666666666,0,10,0,5000,0,0,128,2
lotka_volterrarcd_(no mean)_normal_KL16_130109_10_0.0001_2_window_10,lotka_volterra,2,normal_KL,rcd,128,2,0.0001,0.12,0.15000000000000008,0.157,0.26733333333333326,0.18451666666666666,0,10,0,5000,0,0,128,2
lotka_volterrarcd_(no mean)_normal_KL16_130246_10_0.0001_3_window_10,lotka_volterra,3,normal_KL,rcd,128,2,0.0001,0.12,0.15000000000000008,0.157,0.26733333333333326,0.18451666666666666,0,10,0,5000,0,0,128,2
lotka_volterraepsilon_diagnosis_(no mean)_normal_KL16_130424_10_0.0001_1_window_10,lotka_volterra,1,normal_KL,epsilon_diagnosis,128,2,0.0001,0.15,0.11333333333333334,0.14533333333333334,0.24283333333333332,0.1671333333333333,0,10,0,5000,0,0,128,2
lotka_volterraepsilon_diagnosis_(no mean)_normal_KL16_130855_10_0.0001_2_window_10,lotka_volterra,2,normal_KL,epsilon_diagnosis,128,2,0.0001,0.15,0.11333333333333334,0.14533333333333334,0.24283333333333332,0.1671333333333333,0,10,0,5000,0,0,128,2
lotka_volterraepsilon_diagnosis_(no mean)_normal_KL16_131221_10_0.0001_3_window_10,lotka_volterra,3,normal_KL,epsilon_diagnosis,128,2,0.0001,0.15,0.11333333333333334,0.14533333333333334,0.24283333333333332,0.1671333333333333,0,10,0,5000,0,0,128,2
lotka_volterrarcd_(no mean)_normal_KL16_131656_12_0.0001_1_window_12,lotka_volterra,1,normal_KL,rcd,128,2,0.0001,0.12,0.15000000000000008,0.157,0.26733333333333326,0.18451666666666666,0,12,0,5000,0,0,128,2
lotka_volterrarcd_(no mean)_normal_KL16_131839_12_0.0001_2_window_12,lotka_volterra,2,normal_KL,rcd,128,2,0.0001,0.12,0.15000000000000008,0.157,0.26733333333333326,0.18451666666666666,0,12,0,5000,0,0,128,2
lotka_volterrarcd_(no mean)_normal_KL16_132019_12_0.0001_3_window_12,lotka_volterra,3,normal_KL,rcd,128,2,0.0001,0.12,0.15000000000000008,0.157,0.26733333333333326,0.18451666666666666,0,12,0,5000,0,0,128,2
lotka_volterraepsilon_diagnosis_(no mean)_normal_KL16_132158_12_0.0001_1_window_12,lotka_volterra,1,normal_KL,epsilon_diagnosis,128,2,0.0001,0.15,0.11333333333333334,0.14533333333333334,0.24283333333333332,0.1671333333333333,0,12,0,5000,0,0,128,2
lotka_volterraepsilon_diagnosis_(no mean)_normal_KL16_132601_12_0.0001_2_window_12,lotka_volterra,2,normal_KL,epsilon_diagnosis,128,2,0.0001,0.15,0.11333333333333334,0.14533333333333334,0.24283333333333332,0.1671333333333333,0,12,0,5000,0,0,128,2
lotka_volterraepsilon_diagnosis_(no mean)_normal_KL16_132941_12_0.0001_3_window_12,lotka_volterra,3,normal_KL,epsilon_diagnosis,128,2,0.0001,0.15,0.11333333333333334,0.14533333333333334,0.24283333333333332,0.1671333333333333,0,12,0,5000,0,0,128,2
lotka_volterrarcd_(no mean)_normal_KL16_133329_15_0.0001_1_window_15,lotka_volterra,1,normal_KL,rcd,128,2,0.0001,0.12,0.15000000000000008,0.157,0.26733333333333326,0.18451666666666666,0,15,0,5000,0,0,128,2
lotka_volterrarcd_(no mean)_normal_KL16_133511_15_0.0001_2_window_15,lotka_volterra,2,normal_KL,rcd,128,2,0.0001,0.12,0.15000000000000008,0.157,0.26733333333333326,0.18451666666666666,0,15,0,5000,0,0,128,2
lotka_volterrarcd_(no mean)_normal_KL16_133651_15_0.0001_3_window_15,lotka_volterra,3,normal_KL,rcd,128,2,0.0001,0.12,0.15000000000000008,0.157,0.26733333333333326,0.18451666666666666,0,15,0,5000,0,0,128,2
lotka_volterraepsilon_diagnosis_(no mean)_normal_KL16_133829_15_0.0001_1_window_15,lotka_volterra,1,normal_KL,epsilon_diagnosis,128,2,0.0001,0.15,0.11333333333333334,0.14533333333333334,0.24283333333333332,0.1671333333333333,0,15,0,5000,0,0,128,2
lotka_volterraepsilon_diagnosis_(no mean)_normal_KL16_134255_15_0.0001_2_window_15,lotka_volterra,2,normal_KL,epsilon_diagnosis,128,2,0.0001,0.15,0.11333333333333334,0.14533333333333334,0.24283333333333332,0.1671333333333333,0,15,0,5000,0,0,128,2
lotka_volterraepsilon_diagnosis_(no mean)_normal_KL16_134809_15_0.0001_3_window_15,lotka_volterra,3,normal_KL,epsilon_diagnosis,128,2,0.0001,0.15,0.11333333333333334,0.14533333333333334,0.24283333333333332,0.1671333333333333,0,15,0,5000,0,0,128,2
